year	i	full_name	first_name	family_name	affiliation	gender
2021	d1d0a24826f40ec30e66f006b23b66c3	Patrícia Calca	NA	NA	CIES - ISCTE (Instituto Superior de Ciências do Trabalho e da Empresa) && University of Konstanz	NA
2021	d56056f3a480d8abdf3723db142776bc	Veronica Anghel	NA	NA	European University Institute	NA
2021	d0d81e458b90d2e44f6b26fac09c4ba3	Alberto Parmigiani	NA	NA	LSE - London School of Economics and Political Science	NA
2021	74e13e995d7bf138e213ef9a0d285893	Andrea Pedrazzano	NA	NA	Dipartimento di Scienze Sociali e Politiche, Università degli studi di Milano	NA
2021	3c15baccf3c3d7f426aa6d52a41264aa	Francesco Zucchini	NA	NA	Dipartimento di Scienze Sociali e Politiche, Università degli studi di Milano	NA
2021	fdc7063c369c75de82ef9adb73e72933	Simon Davidsson	NA	NA	Lund University	NA
2021	1c9153bdba3e1c490b23f2d8b41f1aff	Franziska Deeg	NA	NA	University of Cologne	NA
2021	b4f2942411abc4101283f98cb9079289	Stefanie Walter	NA	NA	Universität Bremen && University of Zurich	NA
2021	a8ea05a5a23e8e7cb5d1badee0f26ef0	Andreas Dür	NA	NA	University of Salzburg	NA
2021	85e40738b6f59f51fa701426dc92fd9c	Lorenzo Crippa	NA	NA	Department of Government, University of Essex	NA
2021	a57c8cd63f25ba013efb4745f21bedc7	Robert Huber	NA	NA	University of Salzburg	NA
2021	6ca6698166c8d1aacbadeff212e4976b	Yannick Stiller	NA	NA	University of Salzburg	NA
2021	1d8f1a77b52c5c9036f686ba9b26be96	Federica Genovese	NA	NA	University of Essex	NA
2021	351b4f19d19ea2b88e17312e7fae15bc	Sebastian Ziaja	NA	NA	German Development Institute / Deutsches Institut für Entwicklungspolitik (DIE)	NA
2021	4f623a08c00d06c8862ad2d2aec54652	Anders Wieland	NA	NA	Aarhus University	NA
2021	a3f662ea679887e6e8fa9e893dfee048	Ellen Lust	NA	NA	University of Gothenburg	NA
2021	37f3a82f71c5f3f311bc6d66811ac521	Nicole Baerg	NA	NA	University of Essex	NA
2021	db65ef7042d3a1cdd01366b6d0e4726a	Prisca Jöst	NA	NA	University of Gothenburg	NA
2021	1630978114a25926d571385fede7800a	Paul Marx	NA	NA	University of Duisburg-Essen	NA
2021	298abcaa602732fbf1f6ad33506467ed	Björn Bremer	NA	NA	Max Planck Institute for the Study of Societies (MPIfG)	NA
2021	efe06f19f2eb483999b06f9d410edef4	Alona Dolinsky	NA	NA	Johns Hopkins University	NA
2021	d0942de347e7b3f362e9ba48a541ab3a	Chris Prosser	NA	NA	Royal Holloway, University of London	NA
2021	a806cf7d5f5ec99aece5b18a6e925585	Elin Haugsgjerd Allern	NA	NA	University of Oslo	NA
2021	3ae6b8e9c80067a554cfc3fc025bf592	Laurenz Ennser-Jedenastik	NA	NA	University of Vienna	NA
2021	2fb66622da3a0fd4a83b5297e84a2099	Lise Rødland	NA	NA	University of Oslo	NA
2021	f6a8c4ec453cbe54a2266351395236f9	Mario Taschwer	NA	NA	University of Vienna	NA
2021	dcf1b3e53efb5022fe719b10a9e95293	Thomas Prosser	NA	NA	Cardiff University	NA
2021	57392f102bdd8be5d8fcad8ba5550ee7	Verena Reidinger	NA	NA	University of Zurich	NA
2021	20f384a9aade599d8337ca5333cae4e0	Arndt Leininger	NA	NA	Freie Universität Berlin	NA
2021	e10714ed06d39bd103654cd2033cc757	Eitan Tzelgov	NA	NA	University of East Anglia	NA
2021	7dcf3bd8cf1a238aecfc8e846599006e	Denis Cohen	NA	NA	University of Mannheim	NA
2021	14ad548ac6a9dcc6d9a9f45fad8fcf77	Eva Anduiza	NA	NA	Universitat Autònoma de Barcelona	NA
2021	12736a28d89c7ec6a26dd0fdbe250aa1	Giuseppe Ciccolini	NA	NA	European University Institute	NA
2021	4717f1024d4c8d691c149f6848156e26	Guillem Rico	NA	NA	Universitat Autonoma de Barcelona	NA
2021	c83b0ba0cf0d9b0de27dd0ecad582fa3	Katharina Lawall	NA	NA	London School of Economics	NA
2021	d0bbcab6ed155d3641b8ccd16683cdc9	Magdalena Breyer	NA	NA	University of Zurich, Department of Political Science	NA
2021	f9cc998d756696ab920e289de4ff6132	Tarik Abou-Chadi	NA	NA	University of Zurich	NA
2021	3432583d23d7467c045220bd1abe375d	Thomas Kurer	NA	NA	University of Zurich	NA
2021	e33b48e4d19d1af0ab923d767e0bf8c6	Sarah Wagner	NA	NA	University of Essex	NA
2021	034519b5c7050359a21446962f58bc71	Martin Elff	NA	NA	Zeppelin University, Friedrichshafen	NA
2021	be0b5e198ee5c340f758434751c00923	Asli Unan	NA	NA	King's College London, Department of Political Economy	NA
2021	288facb427a2bd5fab87192e7ae3a40e	Carlo Altomonte	NA	NA	Bocconi University	NA
2021	d7a0fd0cecca44754777a335c0e3e1a2	Florian Foos	NA	NA	Department of Government, London School of Economics and Political Science	NA
2021	1ff8540f35ade80d9e785bf58f708bbe	Francesco Passarelli	NA	NA	Collegio Carloalberto	NA
2021	2aac2d8bb1093870472cd78e615d3fca	Gloria Gennaro	NA	NA	ETH, Immigration Policy Lab	NA
2021	3b9ade4e1ed3f2b63b21925c24acbb84	Ignacio Jurado	NA	NA	Universidad Carlos III	NA
2021	48b5bc5858d5ad733e50aa9f3e976594	Joaquin Artes	NA	NA	Universidad Complutense	NA
2021	72e3a15990ff2b9d6d6c7d2f6aa7fdac	Pau Vall-Prat	NA	NA	Universitat de Barcelona	NA
2021	00d9dd7597736c6bed0717c4c18d61e0	Peter John	NA	NA	King's College London, Department of Political Economy	NA
2021	05e25eb4f20e445e3338be0ea4d50d17	Philip Swatton	NA	NA	University of Essex	NA
2021	4a5998417a1325471b6002d714b5a7b8	Toni Rodon	NA	NA	Universitat Pompeu Fabra	NA
2021	af020c1b0290aaaace502677b2990815	Sam van Noort	NA	NA	University of Cambridge && Harvard University	NA
2021	e81f88a42c08274572a49e9d56ee3fda	Alexander Slaski	NA	NA	Leiden University	NA
2021	bb440d16e2bcf868290e3a69c3b12290	Gilad Hurvitz	NA	NA	Hebrew University of Jerusalem	NA
2021	b369702e324729b661f42e5e20b95361	Jan Stuckatz	NA	NA	Institute for Advanced Study in Toulouse (IAST)	NA
2021	74d409bc8b76ef7c45aa03f6cbf2567f	Magnus Rasmussen	NA	NA	University of Oslo	NA
2021	511236ca4c9572ddc51a592b38ed6299	Tore Wig	NA	NA	University of Oslo	NA
2021	47b41995864836664b852889b7a3b081	Heike Klüver	NA	NA	Humboldt University of Berlin	NA
2021	4d00aa6b8d7e33e584c0808cf6daa676	Jochen Müller	NA	NA	Humboldt-Universität zu Berlin	NA
2021	35d0c2497001cd9da56f9247448c8c64	Elias Dinas	NA	NA	European University Institute	NA
2021	2260e21d998a61ffc75e4193e8bfaade	Lion Behrens	NA	NA	University of Mannheim, Germany	NA
2021	6864bf11d7f450b59cdf6db05a639e81	Vicente Valentim	NA	NA	European University Institute	NA
2021	3453df3d228a2d3a343fb34f556bea7e	Viktoriia Semenova	NA	NA	University of Mannheim, Germany	NA
2021	e69371c82c51d4d5ffc04ce2a70097fe	Kerim Kavakli	NA	NA	Bocconi University	NA
2021	404567d517d612bc392600537d858135	Sergi Pardos-Prado	NA	NA	University of Glasgow	NA
2021	c57019d9b8a0680210f70f4a076b8d17	Andrea Carla Bianculli	NA	NA	Institut Barcelona d'Estudis Internacionals	NA
2021	7d29c27249c50e9b6081e605a0b27341	Anna Getmansky	NA	NA	LSE	NA
2021	92d934e95081d3852e5ce1e3cfaa57a9	Carlos Vargas-Silva	NA	NA	University of Oxford, Centre on Migration, Policy, and Society	NA
2021	335d9a6306e56620097b5a74da179264	Isabel Ruiz	NA	NA	University of Oxford, Blavatnik School of Government	NA
2021	7ef212b18a41ffccaef15aa91b387b0c	Juan Carlos Triviño-Salazar	NA	NA	Institut Barcelona d'Estudis Internacionals	NA
2021	42af4086f092b2838eccb63b6ef54000	Konstantinos Matakos	NA	NA	KCL	NA
2021	8013d33ac9f7249422ffe5d1afe19121	Tolga Sinmazdemir	NA	NA	SOAS, University of London	NA
2021	5f3c84d06e5b80e6a6f92081ff43322d	William L Allen	NA	NA	University of Oxford, Department of Politics and International Relations	NA
2021	6635f2b1c03ed1ac2a5e4ccf51892dcc	Rabia Malik	NA	NA	University of Essex	NA
2021	d0bff7e45618ab78b55af4addcd89184	Jens Eger	NA	NA	University of Göttingen && German Institute for Development Evaluation	NA
2021	09b0b293a9ae25d932ed23e650ac3a68	Cleo O'Brien-Udry	NA	NA	Yale University	NA
2021	d2a4e956875d0f8d2d1a58568feab6e4	Daniela Donno	NA	NA	University of Cyprus	NA
2021	8766789f28c19d60533a38a03328579d	Lennart Kaplan	NA	NA	Georg-August University Göttingen, Deutsches Institut für Entwicklungspolitik	NA
2021	12fbbb7365c09a4db2943263fbfd2fc7	Pär Zetterberg	NA	NA	Uppsala University	NA
2021	8e67fec50ebc446e1e718fada8c5c617	Ringailė Kuokštytė	NA	NA	General Jonas Žemaitis Military Academy of Lithuania	NA
2021	2183c125a9bc334068b8edc75a8ac46b	Sarah Bush	NA	NA	Yale University	NA
2021	bf25370f4a214e9b2511cba9be1ca2a3	Vytautas Kuokštis	NA	NA	Institute of International Relations and Political Science, Vilnius University	NA
2021	46ffe491293f80a9a73f4145d318ab89	Robin E. Best	NA	NA	Binghamton University (SUNY)	NA
2021	d7adeef93237e63bbe175790e8153b39	Werner Krause	NA	NA	Humboldt University Berlin	NA
2021	bac6bc12407625efcb4c05c78425a69f	António Valentim	NA	NA	Humboldt University of Berlin	NA
2021	84c1a7eb9c819fe99a380050c51b71af	Didem Seyis	NA	NA	Binghamton University (SUNY)	NA
2021	28957ed42df546d2e7796df14a5b70ae	Fabio Ellger	NA	NA	Humboldt University of Berlin	NA
2021	05294e00500a9886777b3ad8aedf3eab	Jae-Jae Spoon	NA	NA	University of Pittsburgh	NA
2021	6ea24325bbf0610449a2e9bbe3a73660	James Downes	NA	NA	The Chinese University of Hong Kong	NA
2021	b83cec8c60614470685f468219afccd5	Matthew Loveless	NA	NA	University of Bologna	NA
2021	18a2c49be653c07e1b9ebf406497d070	Tom Arend	NA	NA	Hertie School	NA
2021	7bdbcf55a83565487551fc0829ad68b1	Lukas Rudolph	NA	NA	ETH Zürich, Switzerland && LMU München, Germany	NA
2021	5f8b0669595f1d6c3360d5336d49adc1	Tina Margarete Freyburg	NA	NA	University of St.Gallen, School of Economics and Political Science, Switzerland	NA
2021	5b705a7cc378576af14f13a52abb3960	Alexandros Cavgias	NA	NA	Universitat de Barcelona	NA
2021	d305bd4c3d4278ffd0c552e914321b5b	Amuitz Garmendia Madariaga	NA	NA	Universidad Carlos III de Madrid	NA
2021	0f0cbc3526973508399949f8680f90ec	Edgar Cook	NA	NA	Duke University	NA
2021	93d52af020ed53676cd696a7c13319e1	Francesco Granella	NA	NA	Bocconi University	NA
2021	644804e94ff739819ea27a25d16c0a24	Franziska Quoss	NA	NA	ETH Zurich	NA
2021	79e6d34d98c3c523e66334f81d3fdc06	Jan Vogler	NA	NA	University of Virginia	NA
2021	9dd1e32eabbd9d814663744e3fbc007e	Keith McManamen	NA	NA	Psiphon Inc., Toronto, Canada	NA
2021	f053e88b72e9ce14e5923e474400a297	Kristen Kao	NA	NA	University of Gothenburg	NA
2021	82c577835ee6d895dd5967342f0750bd	Lisa Garbe	NA	NA	University of St.Gallen, School of Economics and Political Science, Switzerland	NA
2021	ef5dcf6c698ec4f7783bbd0ebee0ca46	Sandra Leon	NA	NA	Universidad Carlos III de Madrid	NA
2021	fb5339f1e843cde6aee0a2529f2fcb4e	Thomas Bernauer	NA	NA	ETH Zurich	NA
2021	b502fb9423db0d7bbc2c3ef15311a27c	Gary Hollibaugh	NA	NA	University of Pittsburgh	NA
2021	64e1a5cce46230a4160ab7a72ef6ac48	Adam Ramey	NA	NA	New York University Abu Dhabi	NA
2021	7bf73245946050c290b261c0481c3c8b	André Walter	NA	NA	University of St. Gallen	NA
2021	cc8581e6dddf310431b1c9f002f4c87c	Eleanor Gao	NA	NA	University of Exeter (UK)	NA
2021	c3d988c53db43ac6681ee0ea484a8dfc	Jonathan Klingler	NA	NA	University of Mississippi	NA
2021	69d96a26180e1f4332ebd9a5f6c6c163	Patrick Emmenegger	NA	NA	University of St. Gallen	NA
2021	d5037053903760398d117ddf23c44d75	Thomas Fleming	NA	NA	Department of Politics, University of York	NA
2021	03bc74da9f106187579dcd0d79a5bf88	Alessandro Nai	NA	NA	University of Amsterdam	NA
2021	0cd0b1871c17f62a59d0e21e28cb8beb	Corinna Kroeber	NA	NA	University of Greifswald	NA
2021	23ebbee311889500ffe329456c5fe76a	Jan Berz	NA	NA	Department of Political Science, Trinity College Dublin	NA
2021	2f8b3ae22f9dbc52d7d02e0ace007c71	Lucia Motolinia	NA	NA	New York University	NA
2021	ecbc738ab3b4f2d12edd67a9dbe8f414	Manuel Schwaninger	NA	NA	Mannheim Centre for European Social Research (MZES)	NA
2021	839ed29d159cb796940aee2d10823bf4	Marc Debus	NA	NA	University of Mannheim && Mannheim Centre for European Social Research (MZES)	NA
2021	7a029e3d7a431ca0849f9a60fca862e8	Monika Mühlböck	NA	NA	University of Mannheim && Mannheim Centre for European Social Research (MZES)	NA
2021	32c3cd4864b047778a4316edad5a00d2	Paul Bose	NA	NA	Erasmus University Rotterdam	NA
2021	907df1c0ff1dce6ce913b40f58c166f7	Santiago López-Cariboni	NA	NA	Universidad de la República (Uruguay)	NA
2021	6940204c0b962fec6206f8a2705ae2b5	Alexander Kustov	NA	NA	Yale University	NA
2021	c43a2cb40c146bec6c89c92ff146a8a8	Charles Noussair	NA	NA	University of Arizona	NA
2021	f63bde2898d90fbffd5b3478531b634c	Denise Laroze	NA	NA	USACH	NA
2021	6d39798396e99c632e229c9793bb715a	Frances Rosenbluth	NA	NA	Yale University	NA
2021	2e620742109353ca4d8b56a34e5385e3	Ian Shapiro	NA	NA	Yale University	NA
2021	f94681acb135862a8dc52ec21a1a6559	Maikol Cerda	NA	NA	Yale University	NA
2021	607f97402fdad42fbc00edb7dfa4bcd3	Markus Wagner	NA	NA	University of Vienna	NA
2021	1bd7cfe0f5ca7d4d1d1f5f0f8122307b	Mauricio Lopez	NA	NA	USACH	NA
2021	d1333c13dd4d4ecf79018e942bff9723	Nadja Mosimann	NA	NA	University of Zurich	NA
2021	038db6864041f8923d778c21deb1fa46	Paulina Granados	NA	NA	Superintendencia de Pensiones	NA
2021	647d31515cf32fa9c53444111ae00ab1	Reto Mitteregger	NA	NA	University of Zurich	NA
2021	aed4e451019c7054938e50da5e2d2a73	Silja Häusermann	NA	NA	University of Zurich	NA
2021	3e26b0ab9bc9a69471ef0649fce66d15	Ximena Quintanilla	NA	NA	Superintendencia de Pensiones	NA
2021	b8e48e223cd02fc1aa635daead26ddbb	Noam Lupu	NA	NA	Vanderbilt University	NA
2021	dcabc5ffa946a3d814eedbcf29bce0ae	Costin Ciobanu	NA	NA	McGill University	NA
2021	bf4c2f887e24a61af68e6904a0e6bfa5	Gerry Stoker	NA	NA	University of Southampton	NA
2021	6890e670d5dcbd828fdd587ca68f255a	Jane Green	NA	NA	Nuffield College, University of Oxford	NA
2021	add3122a4e43ccef508dae48a933a626	Lawrence McKay	NA	NA	University of Southampton	NA
2021	c2da58704f3c0b28fa58132eb0f97984	Leonardo Baccini	NA	NA	McGill University	NA
2021	144ade43173d698c6609004dc811113e	Max Joosten	NA	NA	Université de Genève	NA
2021	2e0d4e47dbd3f567ddea027b6dd6cbf0	Max Schaub	NA	NA	WZB Social Science Center Berlin	NA
2021	ebbd04c190747fd292564c5fd648702b	Thomas Sattler	NA	NA	University of Geneva	NA
2021	c50943108a27076d37130af947f2cdc3	Will Jennings	NA	NA	University of Southampton	NA
2021	58fc3a69d226906c2527d56cd8749fa6	Anja Neundorf	NA	NA	University of Glasgow	NA
2021	f8b64e2f8d7c1afddcdb9bd6ab4c4cee	Ari Ray	NA	NA	University of Geneva	NA
2021	1b251f7e4f35c3c822abccc619c38859	Catherine De Vries	NA	NA	Bocconi University	NA
2021	943f9a7277b444ef11e5c7034ed16e54	Denis Kierans	NA	NA	University of Oxford, Centre on Migration, Policy, and Society	NA
2021	2b20c76f9e9bba3f7f2abb145bd22821	Francesco Billari	NA	NA	Bocconi University	NA
2021	b3c042e62069ef61ed6508a909fa72dd	Francesco Colombo	NA	NA	European University Institute	NA
2021	902e60d831ef76c4009ddf181981919b	Jacqueline Broadhead	NA	NA	University of Oxford, Centre on Migration, Policy, and Society	NA
2021	b515b9fd69b6e2d7c3cfdbe60755b4c0	Madeleine Sumption	NA	NA	University of Oxford, The Migration Observatory	NA
2021	513d70e886e26227eb37804aa6623bc0	Mariña Fernández-Reino	NA	NA	University of Oxford, Centre on Migration, Policy, and Society	NA
2021	df4ac43ecae984a1f1acf6422c0cb46f	Paula Rettl	NA	NA	Bocconi University	NA
2021	73d648ff7955fe169a8832845b26d53e	Şeyma Topçu	NA	NA	Sabanc? University	NA
2021	361e40547976bad71d3aa7f376db0e30	Theres Matthieß	NA	NA	MZES, University Mannheim	NA
2021	89f8cd1a125b1b0905da1b9829a3404f	Daniel Sandu	NA	NA	European University Institute	NA
2021	db86aa600d7872e85e139dc9c9163c29	Hanno Hilbig	NA	NA	Harvard University	NA
2021	854704956059e9b56ac8384a6f7766dc	Josep Maria Comellas Bonsfills	NA	NA	Universitat Pompeu Fabra (UPF)	NA
2021	aee209846d65ccbda4e2422252d427d0	Mert Moral	NA	NA	Sabanc? University	NA
2021	fa49737010ff430c7be7ec2c163b0a80	Philipp Tillmann	NA	NA	Analysis Group	NA
2021	30f2b4398abd2a9460c2b65550061c76	Sascha Riaz	NA	NA	Harvard University	NA
2021	4c78e2cc4ab8deaf563cee55dcd5bab0	Diane Bolet	NA	NA	King's College London && London School of Economics and Political Science	NA
2021	3c140cdd374a6eb0a8b39dd7b6bd25f8	Pauliina Patana	NA	NA	Postdoctoral Fellow, Harvard Kennedy School	NA
2021	39601c5fb8d181df113b1789bfaec48e	Alexander Held	NA	NA	Trinity College Dublin	NA
2021	8bf80e6e184f37af0e6197bd96fa538d	Blätte Andreas	NA	NA	Universität Duisburg-Essen	NA
2021	26bc7375658432a0e81c2aa1c9528a21	Christoph Leonhardt	NA	NA	Universität Duisburg-Essen	NA
2021	c920f3edd6fc826aebe1c2f29f479b22	Daniel Bischof	NA	NA	University of Zurich && Aarhus University	NA
2021	654b2c7b104a150280859052b45fca15	Marius Sältzer	NA	NA	University of Mannheim	NA
2021	6d216671dcb286534d994d552cc51d8f	Stecker Christian	NA	NA	Universität Mannheim	NA
2021	f2587c93efd5ecbbe866e9e5cfadd5d9	Manuel Bagues	NA	NA	University of Warwick	NA
2021	a90fc66c66fb88b94f7f86f80ee16693	Antoni-Italo De Moragas	NA	NA	CUNEF	NA
2021	a286fd5c91267b1033b38d1c1bb61099	Chris Roth	NA	NA	University of Warwick	NA
2021	72a50e77fe51f72854744532501a6464	Gabriel Facchini	NA	NA	Universitat Autònoma de Barcelona	NA
2021	d1628ae9babd7f3638266fe49e893cc3	Ignacio González	NA	NA	American University	NA
2021	3dfc03342b68a7b559190626d9b40d42	Julio Cáceres	NA	NA	Universidad Carlos III de Madrid	NA
2021	41db8403875873baac8f7a5216307d64	Michael Strebel	NA	NA	University of Lausanne	NA
2021	268dfccd7e04db95cfb15603094f1198	Nuno Morgado	NA	NA	Corvinus University of Budapest	NA
2021	dbcb4956af8879d6dfb38ac072ea10e8	Yael Shmaryahu Yeshurun	NA	NA	Faculty of Law, Bar Ilan University, Israel	NA
2021	466ccde75af8423ac4c8ce27f2a58507	Anna Gwiazda	NA	NA	King's College London	NA
2021	5980dc33520b2c942de8c8398b4a679e	Jonas Bunte	NA	NA	University of Texas at Dallas / Vienna University of Economics and Business	NA
2021	ee406dd95a4c65f215bb31c5af6e3814	Liana Minkova	NA	NA	University of Cambridge	NA
2021	1b2e72eb625b911b1d9a326e58b834e2	Markus Stephan Tepe	NA	NA	University of Oldenburg	NA
2021	9f0f640f72f6c0c835af8ce74fc75d71	Michael Jankowski	NA	NA	University of Oldenburg	NA
2021	4f1bed15c80f1f1d92590f38ca51ddb8	Michal Parizek	NA	NA	Charles University	NA
2021	3afa3a32ff7e2c75b9d5adb37a6a60b8	Pieter Vanhuysse	NA	NA	University of Southern Denmark	NA
2021	5557c128593300834ebeeafc9a0d475d	Thomas Gschwend	NA	NA	University of Mannheim && Mannheim Centre for European Social Research && Collaborative Research Center 884	NA
2021	f1166ff572f9700fd85acc8d07d2ae78	Anna Adendorf	NA	NA	University of Mannheim, Mannheim Centre for European Social Research	NA
2021	b22b0c5d8b6a8a840edcec16a1e33487	David Moore	NA	NA	Trinity College Dublin	NA
2021	a8a39f875bfe6bb698922e49498c5dc9	Ines Rehbein	NA	NA	University of Mannheim, Data and Web Science Group, School of Business Informatics and Mathematics	NA
2021	a69705802543f3a14747982d69d3419c	Markus Baumann	NA	NA	Goethe-Universität Frankfurt am Main	NA
2021	c01b7b66ede9c86bdf9aa5c5ddc1b4ba	Natalia Umansky	NA	NA	University College Dublin	NA
2021	ef2b201a8304b438aa4ca0a23cdbced7	Oke Bahnsen	NA	NA	University of Mannheim, Mannheim Centre for European Social Research	NA
2021	bd0f9180894f2175835580ad8f57e19e	Rosa M. Navarrete	NA	NA	MZES - University of Mannheim	NA
2021	ea668057b36d20dae73e03daed9abc99	Simone Paolo Ponzetto	NA	NA	University of Mannheim, Data and Web Science Group, School of Business Informatics and Mathematics	NA
2021	331d62a485b037b9425c9dbeb0af62cf	Andreas C Goldberg	NA	NA	University of Amsterdam	NA
2021	679aae6ef2996fbbb40df802a6db5094	Pedro Riera	NA	NA	University Carlos III of Madrid	NA
2021	82acb6cbe83eb72a110ed6261d91f269	Bernd Schlipphak	NA	NA	University of Münster, Department of Political Science	NA
2021	05e3f760c3273bc0ea725c02b3346090	Carsten Wegscheider	NA	NA	University of Salzburg	NA
2021	c5f1895f06923bad0988d9009ca4bfe0	Constantin Schäfer	NA	NA	University of Münster, Department of Political Science	NA
2021	e1597e3cf93b2ed6a8b41a22efa5365e	Kathrin Ackermann	NA	NA	Heidelberg University	NA
2021	bc4559f650dd8315f8699402a735309b	Lea Kaftan	NA	NA	University of Cologne	NA
2021	ca035aa7fe8bd255c2c22d17ed0e4912	Marlene Mauk	NA	NA	GESIS - Leibniz Institute for the Social Sciences	NA
2021	e013b2f1434dd0423cbf2423e80b2c52	Oliver Treib	NA	NA	University of Münster, Department of Political Science	NA
2021	ca2536953380d2248af5568aa481ea7b	Theresa Gessler	NA	NA	University of Zurich	NA
2021	4ab0977b269936e653733317a726b3fa	Adam Scharpf	NA	NA	German Institute for Global and Area Studies (GIGA)	NA
2021	30f1905a57fdd4c8e13276e6b5836145	Alex Hartland	NA	NA	University of Manchester	NA
2021	fa18de226c8d07e9e31223f981b5687a	Cassilde Schwartz	NA	NA	Royal Holloway, University of London	NA
2021	861f477f81f5f71485647e22081dcbfe	David Hudson	NA	NA	University of Birmingham	NA
2021	f54e183eb96cb9bf9f8aa747c1de79b2	Gerald Schneider	NA	NA	University of Konstanz	NA
2021	d4e31ed3c0e43cd8117e73b7cccab5a1	Ilona Lahdelma	NA	NA	Juan March Institute, Carlos III	NA
2021	12764a0d09f0db9cfaa4faff74907db8	Jennifer Van-Heerde Hudson	NA	NA	University College London	NA
2021	ae68dde712ab1f3cb31a8a9a2c623b7d	Lidwina Gundacker	NA	NA	IAB Nurnberg	NA
2021	1d753d4145da7b0379ccb833e2a57f1f	Miranda Simon	NA	NA	University of Essex	NA
2021	b7ec6a2738572a8b53844b1dc0a408a2	Yuliya Kosyakova	NA	NA	IAB Nurnberg	NA
2021	9679b08d9191db67efb65b1a36351a5b	Jeffrey Wright	NA	NA	Nuffield College, Oxford University	NA
2021	c55b024322e5526ecf35417e649c2e1b	Flavio Azevedo	NA	NA	Friedrich Schiller University	NA
2021	2b29446a19e82cf7c297dd9c99f02c9d	Andrea Vaccaro	NA	NA	Sapienza University of Rome	NA
2021	0329fd6863a017bcd92ca36e80fe2746	Oliver Westerwinter	NA	NA	University of St. Gallen	NA
2021	ae316b350d36b5bcb3517ca4699c3d15	Stefano Jud	NA	NA	Emory University	NA
2021	63b594ff4ac762a4649175e2fc4527c8	Leonid Peisakhin	NA	NA	NYU-Abu Dhabi	NA
2021	18a4fefcea0c6b4fc52ef0daa92bba34	Didac Queralt	NA	NA	Yale University	NA
2021	4d014abab8b0c7185878bf3c71d4b285	Jonathan Doucette	NA	NA	Aarhus University, Department of Political Science	NA
2021	b903a7e60672a9731490b903e1cff0b0	Kamil Marcinkiewicz	NA	NA	Universität Hamburg	NA
2021	43e4adbf7a398097abb853623c13ee4a	Lasse Aaskoven	NA	NA	University of Essex, Department of Government	NA
2021	cf7cb17dece7012c342eb164af93e676	Olav Elgvin	NA	NA	University of Bergen; Fafo - Institute for Social Research	NA
2021	758ae5de13ee8c7f67c1826e79d6cd52	Ruth Dassonneville	NA	NA	Université de Montréal	NA
2021	37112d95ab32fd03424913ced7bc1aff	Arnaud Dellis	NA	NA	University of Quebec in Montreal	NA
2021	90a095252027eeb4ad4ad0604591d9fa	In Song Kim	NA	NA	Massachusetts Institute of Technology (MIT)	NA
2021	754e05a61cac73f9677dfca5f66988a9	Lukas Wolters	NA	NA	Massachusetts Institute of Technology (MIT)	NA
2021	3c5fbec434ffe7b34eb56649b9d6a36e	Samuel Mueller	NA	NA	University of Mannheim	NA
2021	7a50188f21a2bee55b040878c4b37a60	Giorgio Malet	NA	NA	University of Zurich	NA
2021	040d5bfde425a12c9aafe4828a07aa52	Jemima Repo	NA	NA	Newcastle University	NA
2021	aedacc46b8564145e5c301517c325ed4	Maarja Lühiste	NA	NA	Newcastle University	NA
2021	3d204354c6c308d90a95219bd1e5688d	Marco Martini	NA	NA	University of Zurich	NA
2021	70ced22f7e8fd189bbab1b294e2c9c51	Nina Barzachka	NA	NA	College of the Holy Cross	NA
2021	061b3d5bff125b6d843665be7e191397	Raluca L. Pahontu	NA	NA	London School of Economics and Political Science	NA
2021	44c1f7406ae02e73f24b9fdc17037439	Daniel Stegmueller	NA	NA	Duke University	NA
2021	19162fe2cc44f5e872378adf30abef0c	Ali Kagalwala	NA	NA	Texas A&M University	NA
2021	26ca6c150fbc36bcea55da4832f70d29	Guy Whitten	NA	NA	Texas A&M University	NA
2021	6c7e969836c9a3ae4558d02d3b12074c	Marlene Mußotter	NA	NA	University of Passau	NA
2021	76c2da155612c9077f74a4d10fb2ac75	Miklós Sebők	NA	NA	Centre for Social Sciences, ELKH, Budapest	NA
2021	63c1de52a7a44ad5afd2bb7778888637	Tasos Kalandrakis	NA	NA	University of Rochester	NA
2021	363d8a9111c8f9ac62a2c0a70648bd06	Thiago Moreira	NA	NA	Texas A&M University	NA
2021	b7252365654c5a72e063df732479435a	Zoltán Kacsuk	NA	NA	Stuttgart Media University	NA
2021	d4c1e09cc65c7fa74dbb0b5a09f439d5	Zuheir Desai	NA	NA	Princeton University	NA
2021	371a13e15673b90709dda867fc0f5161	Ákos Máté	NA	NA	Centre for Social Sciences, ELKH, Budapest	NA
2021	38cc8dd8a705cad760fb047dd292816e	Janina Beiser-McGrath	NA	NA	Royal Holloway, University of London	NA
2021	182d69cfca4c31e43c8931cb0b59dd84	Torun Dewan	NA	NA	London School of Economics and Political Science	NA
2021	72e06824b26af6242852051d5c0ea89e	Anja Osei	NA	NA	University of Konstanz	NA
2021	80c26d17974e8761aefc59d6d0aeccf2	Christine Sylvester	NA	NA	University of Strathclyde	NA
2021	55ef13c879683c30e72a61afc21915f9	Despina Alexiadou	NA	NA	University of Strathclyde	NA
2021	a8f59d475b58d68f265da8f43c0d265e	Ebru Ece Özbey	NA	NA	University of Cologne, Cologne; Max Planck Institute for the Study of Societies, Cologne	NA
2021	db4f0661a5804d51f98269f86eea7051	Julia Maynard	NA	NA	University of Michigan && University of Zurich	NA
2021	c2c23fcbff6f5499bab898ab28e6bd67	Maria Thürk	NA	NA	University og Basel	NA
2021	fa91051ce003bf5e15a6fa189de1847b	Sebastian Popa	NA	NA	Newcastle University, United Kingdom	NA
2021	982f7c85926772259c00c804794a0754	Ana Ruipérez Núñez	NA	NA	European University Institute	NA
2021	48ebd960347f527e7acb5c795637c688	Eugenio Cusumano	NA	NA	Institute for History, Leiden University	NA
2021	676d84c727095a0d38b96c50ad3fe2ff	Matteo C. M. Casiraghi	NA	NA	Department of International Studies, University of Milan	NA
2021	85e8a503bd37b39950bcafb53f27568b	Nerea Gándara Guerra	NA	NA	European University Institute	NA
2021	d5aab2f752a3639c5bce6874fd0de890	Rodrigo Praino	NA	NA	Flinders University	NA
2021	41d820074f2bc489089133608cab9a06	Sergi Martínez	NA	NA	European University Institute	NA
2021	f3934ef2ad0896a87a7f3e2d8939612a	Tao Li	NA	NA	University of Macau	NA
2021	c8fa55d72c9d1866dbeb6e39ca0e0b90	Zhenyu Wang	NA	NA	University of Macau	NA
2021	b39082d28c813796fa432440fbe03735	Zachary Greene	NA	NA	University of Strathclyde	NA
2021	7768de21aefe5719d2de2993ba3d04ca	Itzkovitch-Malka	NA	NA	The Open University of Israel	NA
2021	a3478f57949539f41feb9953f024b756	Jeong Hyun Kim	NA	NA	Louisiana State University	NA
2021	5403f5797994602918cacb44f2534433	Reut Itzkovitch-Malka	NA	NA	The Hebrew University of Jerusalem && The Open University of Israel	NA
2021	68876c99696065f9d909c55fe3ab2b64	Vered Porzycki	NA	NA	The Hebrew University of Jerusalem	NA
2021	d2ba8d5c24c960491be0e85c6c1e020e	Yesola Kweon	NA	NA	Utah State University	NA
2021	64fabf3ad80f89cda59573041dd931c8	Marco Steenbergen	NA	NA	University of Zurich	NA
2021	eccc8e8bce70937ab5a7eacf10c12ce8	Tom Paskhalis	NA	NA	New York University	NA
2021	b19b610d1fc2bde6a6aa77443327636d	Adriana Bunea	NA	NA	University of Bergen	NA
2021	f794126de5199a953a038ec267672e3a	David	NA	NA	Department of Political Science, National Chengchi University, Taiwan	NA
2021	21aedaba4ee855d04e8b1f2eac7d3f51	Dechun Zhang	NA	NA	The Leiden University Institute for Area Studies, Faculty of Humanities, Leiden University	NA
2021	d5a55f210f085abad3841698abf5c2d2	Garret Binding	NA	NA	University of Zurich	NA
2021	bfa86d0b27183a8e3153788fddc439d3	Hioroki Kubo	NA	NA	Meiji Gakuin University	NA
2021	306605236d07bebc3e46d355e55af966	Jelle Koedam	NA	NA	University of Zurich	NA
2021	bb92f0edd9973bfd09594f8d0bffb1ab	Reto Wueest	NA	NA	University of Bergen	NA
2021	912e1d255bd2d285ad6cfddc7e394475	Yen-Chieh Liao	NA	NA	Department of Government, University of Essex	NA
2021	a25b367fa8ce2bdc933e2c2dd10d6f4e	Yi-nung Tsai	NA	NA	Department of Political Science, National Chengchi University, Taiwan	NA
2021	c07baa6f218e2d5fe37b5a842a6e0d30	Katjana Gattermann	NA	NA	University of Amsterdam	NA
2021	2a642485ea5fb9798f5a7a2eace533f4	Aleksandra Khokhlova	NA	NA	Faculty of Social and Behavioural Sciences, Institute of Political Science, Leiden University	NA
2021	afb64148b874774f97c12bd1d8d5f1c7	Anastasia Ershova	NA	NA	Faculty of Social and Behavioural Sciences, Institute of Political Science, Leiden University	NA
2021	3f5ebd3b54d9b08435c0d42b886a22ee	Joe Chrisp	NA	NA	University of Bergen	NA
2021	9d530cd267a9ce272546268b0316f456	Nikoleta Yordanova	NA	NA	Faculty of Social and Behavioural Sciences, Institute of Political Science, Leiden University	NA
2021	2a8ef38677baea97ae08c5e52c1d56a8	Philipp Köker	NA	NA	Leibniz University Hannover	NA
2021	5f6e097e780359f50c7b54c770c5f826	Mathias Poertner	NA	NA	Texas A&M University	NA
2021	2d46e661a654178079b75a4f2440e904	Alessio Albarello	NA	NA	University of Rochester	NA
2021	3ec3d5427a3d6632dd084f311d65f1da	Frederik Springer	NA	NA	Leibniz University Hannover	NA
2021	3bf278a2d7551aab5b32993ec6630c56	Philip Cowley	NA	NA	Queen Mary University of London	NA
2021	6149eb14ea11ed0fa3a2b38cd1bcf233	Resul Umit	NA	NA	University of Oslo	NA
2021	cde608e0e207d87cc6ced1a74b40d6ee	Lawrence Ezrow	NA	NA	University of Essex	NA
2021	2f2f7f52ce29566834f8361d2eee4a0b	Christian Breunig	NA	NA	University of Konstanz	NA
2021	3025d9cb61fec7f8c03abe2e137937ad	Fergus Green	NA	NA	Utrecht University	NA
2021	9644726654679b930664ceb09ea95bab	Franziska Quoß	NA	NA	ETH Zürich, Switzerland	NA
2021	afec07d1e5254238fcde939609fa695f	Matthias Avina	NA	NA	University of Pittsburgh	NA
2021	b78daac1c7fc7ac106e1ea440948d906	Thomas Däubler	NA	NA	University College Dublin, Ireland	NA
2021	f362ff8d7b0e608d1b033b0791825a5c	Alexandra Cirone	NA	NA	Cornell University	NA
2021	a83799ef96f56c422db7c65bdac36ce0	Bastian Becker	NA	NA	University of Bremen	NA
2021	91c68258e313dbf592eed9151eabe3e4	Brenda Van Coppenolle	NA	NA	University of Essex	NA
2021	3edc28f72019fd28a3f817b0eef1e493	Christopher Kam	NA	NA	University of British Columbia	NA
2021	f67bbf61d69e5a7b529a8aa58e32fc60	Jaakko Pekka Meriläinen	NA	NA	Instituto Tecnológico Autónomo de México	NA
2021	3b11077c3dc9df770c2cd762bc37909e	Janne Tukiainen	NA	NA	VATT Institute for Economic Research && University of Turku	NA
2021	04c63d52cef81d8274438258812fee01	Lotem Halevy	NA	NA	University of Pennsylvania	NA
2021	11a516404f490bc3c11c3f88452cd042	Andrew Philips	NA	NA	University of Colorado Boulder	NA
2021	ff5b6abe72f770e391694ab0ac9a9fd5	Maria Grasso	NA	NA	Queen Mary University of London	NA
2021	5d379c09b1a84aac9168a7ff87fd7967	Jan Auerbach	NA	NA	University of Exeter	NA
2021	ba7be386513062aa7c1cffa1dd3f5351	Mallory Compton	NA	NA	Texas A&M University, Bush School of Government	NA
2021	e087ccf212e642f8e3dc495bb25107a6	Tine Paulsen	NA	NA	New York University	NA
2021	9d8376532eaedb3ab77d47ace5c3e048	Christoph Steinert	NA	NA	University of Mannheim	NA
2021	49e609e2a8fe4c6448843596597da7b0	Barbara Maria Piotrowska	NA	NA	University of Oxford	NA
2021	384f777fca796f36cdd2aa204a62da6d	Felix Bethke	NA	NA	Peace Research Institute Frankfurt	NA
2021	a35ddeaad3a5dc63845216f3eac2d492	Anna Pauls	NA	NA	Department of Economics, University of Oslo	NA
2021	68804d38f9a45b024d20616b40f3fbbb	Jamie Gruffydd-jones	NA	NA	University of Kent	NA
2021	405e9a2483c7b1bf9b44fa3d0745073e	Robert Klemmensen	NA	NA	University of Southern Denamrk	NA
2021	8fe541e79b4e165f1808ee843c0e2415	Rosalind Shorrocks	NA	NA	University of Manchester	NA
2021	1017cefd69daa362f2644dee875a9f86	Adeline Lo	NA	NA	University of Wisconsin, Madison	NA
2021	6de9fbfa023e8534adbd0f6628c18fc5	Gema M García-Albacte	NA	NA	University Carlos III Madrid	NA
2021	9829a85f2a388275dd0e79607d4a6f87	Jonathan Renshon	NA	NA	University of Wisconsin, Madison	NA
2021	7ac1fb5bbf9b6c78c6bf331012a8e734	Lotem Bassan	NA	NA	University of Wisconsin, Madison	NA
2021	b85eb785107c76730e401c6549a1d3e9	Mónica Ferrín	NA	NA	University A Coruña	NA
2021	dfc6652625b55384d417d1e82d569723	Nils Steiner	NA	NA	Johannes Gutenberg University Mainz	NA
2021	09be769206885590b6bc76aa4c06c242	Pirmin Bundi	NA	NA	University of Lausanne	NA
2021	7f0cfabed26838c3d0057bb73e1cc5ce	Sean Mueller	NA	NA	University of Lausanne	NA
2021	9c6f9c7e494a9616855fd2e8446284a5	Stig H. Jensen	NA	NA	University of Aarhus	NA
2021	e1e729cf4b8b134681360c788f082937	Sinéad Caitríona Harrington	NA	NA	Trinity College Dublin	NA
2021	b39a46c48230213e6a2ca4e3d5d69828	Abelardo Gómez Díaz	NA	NA	Universitat Pompeu Fabra	NA
2021	fceee10912a9a64439576b8ca24724d0	David M. Willumsen	NA	NA	University of Innsbruck	NA
2021	534c68061d26f67d76c73b3694b89b16	Jochen Rehmert	NA	NA	University of Zurich	NA
2021	6257d06058e05fcc87e75238b06deb66	Naofumi Fujimura	NA	NA	Kobe University	NA
2021	e370866a623425975bf54bc37f1273e4	Simon Otjes	NA	NA	Leiden University && Groningen University	NA
2021	35e6f6922a17f06b0c4dcaa5ff808b87	Tim Mickler	NA	NA	Leiden University	NA
2021	9cb3c1adfe86d67bba49d8112578428b	Constantin Ruhe	NA	NA	Goethe University Frankfurt am Main	NA
2021	18cf7b88392425006b73255ffdde989f	Douglas Atkinson	NA	NA	University of Salzburg	NA
2021	efc57cc276da75106a9871848ae0b850	Giuseppe Spatafora	NA	NA	Department of Politics and International Relations, University of Oxford	NA
2021	3da9dec5ab7a01e30eb07e31cabc39d9	Kevin Fahey	NA	NA	Swansea University	NA
2021	0081e801f40e027f33f326af51f5388c	Meri Dankenbring	NA	NA	Goethe University Frankfurt am Main	NA
2021	8de77d551c4c52c486d84ec8b3e835a2	Vojtech Bahensky	NA	NA	Charles University, Prague	NA
2021	cad5977bfe4e679c4f85d675bc75ea19	Thomas M Meyer	NA	NA	Humboldt University Berlin	NA
2021	aa476a13ad5cda2bdd800c5437907da0	Christoph Spörlein	NA	NA	Universität Düsseldorf	NA
2021	695838477fa40e754fcb33b00dc97a09	Hannah Rajski	NA	NA	Zeppelin University, Friedrichshafen && University of Konstanz	NA
2021	707fbe3d3e913209965c99c6a2485233	Monika Bozhinoska Lazarova	NA	NA	University of Bamberg	NA
2021	55a6478e2eee712baa0080496d03387c	Sabrina Mayer	NA	NA	Deutsches Zentrum für Intergrations- und Migrationsforschung, University of Duisburg-Essen	NA
2021	6eb916ee19ff2140c7e05c7599171156	Thomas Saalfeld	NA	NA	University of Bamberg	NA
2021	a1e8a2b752c5c3a1d613c3df39080fe4	Elias Markstedt	NA	NA	University of Gothenburg	NA
2021	591aaca1bbd7c068f539cff1e3f9685f	Elin Naurin	NA	NA	University of Gothenburg	NA
2021	7d0271fe9f328762dc9b0dec6333d4b0	Mathilde M. van Ditmars	NA	NA	University of Lucerne	NA
2021	356f061772fd187a7666d7f51194ba77	Ralph Scott	NA	NA	University of Manchester	NA
2021	be581b0038bca86a6dc8206e1a3a1e1a	Fabian Jonas Habersack	NA	NA	University of Salzburg	NA
2021	84fb3adfaae9d48810a87bc5369fe4a3	Jonathan Slapin	NA	NA	University of Zurich	NA
2021	34c3408845184898c077e44db223e1df	Anthony Ocepek	NA	NA	University of Pittsburgh	NA
2021	7a12bfe41eea3ca7bf520e67164f4cbb	Catherine de Vries	NA	NA	Bocconi University	NA
2021	974806694bf13bc4fe695f6b7b4ade9d	Cyrille Thiébaut	NA	NA	CYU - AGORA	NA
2021	63bcba8d8d75b530337a8175bc175970	Enrique Hernández	NA	NA	Universitat Autònoma de Barcelona	NA
2021	93b511710636a5fe8ab64029701bffbe	Lisanne de Blok	NA	NA	Vrije Universiteit Amsterdam	NA
2021	08fc1b48e232c0335e3baf39663fa6fc	Roberto Pannico	NA	NA	Instituto de Ciências Sociais da Universidade de Lisboa	NA
2021	6c80cf580882969739343f8d5287aea3	Felix Wiebrecht	NA	NA	The Chinese University of Hong Kong	NA
2021	7b1fd0df2049ec839f536e37359a08ae	Lana Bilalova	NA	NA	London School of Economics and Political Science	NA
2021	5dd19e35c2fe9f46b904557dfad4c090	Natascha Neudorfer	NA	NA	University of Birmingham	NA
2021	553d12f960c3b6aba45be8c77c1960ef	Catherine E. De Vries	NA	NA	Bocconi University	NA
2021	4aa6cbeaea6cba9973520bcacbe82485	Kevin Deegan-Krause	NA	NA	Wayne State University	NA
2021	8c8469f922f2170145653ffadba5ce21	Sara B. Hobolt	NA	NA	London School of Economics and Political Science	NA
2021	9393c5ca7155b0c53d830e82e078cf13	Tim Haughton	NA	NA	University of Birmingham	NA
2021	831a5d05a50f13cfee98ce9c10c3d139	Lucy Barnes	NA	NA	University College London	NA
2021	15519b91df351e01339c0891e0c6c391	Anna Killick	NA	NA	University College London	NA
2021	d1feee165fd986895ced151e528ccee8	Kris-Stella Trump	NA	NA	University of Memphis	NA
2021	b1426f5ad1e769bb4cbaa38483b84762	Diana Burlacu	NA	NA	Newcastle University	NA
2021	0ba43a1e561300e87ccfd8ca67c3d536	Carolina Plescia	NA	NA	University of Vienna	NA
2021	d7c96865d0b91103453e6e613d9dce61	David Willumsen	NA	NA	University of Innsbruck	NA
2021	d8dfdcf821325528ea88ef2bb7062e50	Djessie Ligthart	NA	NA	Leiden University	NA
2021	7b3ee3d4f8fe930192565d4f1e39dd5d	Ana Isabel Lopez Garcia	NA	NA	University of Konstanz	NA
2021	34912347a44e2e59e2ba71d903309d40	Barry Maydom	NA	NA	Birkbeck College, University of London	NA
2021	2c478f36362054f530c191c5e5a2febf	Burak Giray	NA	NA	University of Houston	NA
2021	372108df4246ea67894c1864ee3537b1	Kathleen Brown	NA	NA	Leiden University	NA
2021	ddef9ffa9aea2e0d43691faa24d77df7	Matthew Digiuseppe	NA	NA	Leiden University	NA
2021	1473c6f18fc523a80af8d33961873f2c	Patrick Shea	NA	NA	University of Houston	NA
2021	31de326c4b407fb15d6a5f69fc8624d8	Jonathan Polk	NA	NA	Department of Comparative Politics, University of Bergen && Department of Comparative Politics, University of Bergen	NA
2021	83d6341ee7c2c269343fccdff82b7942	Anke Tresch	NA	NA	University of Lausanne && FORS	NA
2021	b95a12e34b624b8c5df3ab501fb0694c	Dominic Nyhuis	NA	NA	University of North Carolina at Chapel Hill	NA
2021	d8b216cc4a4607772b9fdcc7a31f29f2	Katrin Praprotnik	NA	NA	Danube University Krems	NA
2021	ca651f5a600fa76190461bd4d94b9fa5	Laurent Bernhard	NA	NA	FORS	NA
2021	166457a00dc31595e5fee6471f6b94c7	Luca Carrieri	NA	NA	1	NA
2021	c64ca3da84b97901d474981a768f5022	Lukas Lauener	NA	NA	FORS	NA
2021	b8bbab4325eb3b6384c539f8c09b1024	Martin Gross	NA	NA	LMU Munich	NA
2021	2c275adff9d5cabd3afbe2cce7d3a3cb	Svenja Krauss	NA	NA	University of Essex	NA
2021	44304381fdf504ea789bde89c455df32	Liisa Talving	NA	NA	University of Tartu	NA
2021	6916b7ef8996d88f5ac33d3e0726224f	Massimo Troncone	NA	NA	European Politics, ETH Zurich	NA
2021	4471f1acb69fa5283c97c632a6ed840b	Nina Obermeier	NA	NA	Cornell University	NA
2021	8433cd1e38e472fdb855baa3230d6038	Roberto Valli	NA	NA	International Conflict Research, ETH Zurich	NA
2021	2e2ee91990da7e0cf33fbf8fcbda77b0	Chao-yo Cheng	NA	NA	London School of Economics	NA
2021	06fb420849d014e75376867e0528ebc2	Olga Gasparyan	NA	NA	University of Rochester	NA
2021	bcc2e315cafa4ea738ac8548410bc7b1	Alberto de Leon	NA	NA	University of Strathclyde	NA
2021	8aa23d39985b24722afcce61e1993688	Emily Sellars	NA	NA	Yale University	NA
2021	dd3acf1048a9aeb717c20f118ee3b516	Joan Ricart-Huguet	NA	NA	Loyola University Maryland	NA
2021	255506014ba2f84a58882911f9322a0c	Federico Trombetta	NA	NA	DISEIS, Universita' Cattolica del Sacro Cuore	NA
2021	cf47ec239405fe13653542837a1e30d8	Francesco Capozza	NA	NA	Erasmus University Rotterdam && Tinbergen Institute	NA
2021	c57e0a3cc95fe465a8c5aed7b66dc090	Georg Granic	NA	NA	Erasmus University Rotterdam && Tinbergen Institute	NA
2021	bb994ba032bb95d9d0954aea2f749db0	Guido Merzoni	NA	NA	DISEIS, Universita' Cattolica del Sacro Cuore	NA
2021	2b032e8b869f2c009af4ba6ee96c7d3f	Guilherme Arbache	NA	NA	Universidade de São Paulo	NA
2021	37b28b53a13792b40f48e9a866471632	Tanja Artiga-Gonzalez	NA	NA	Tinbergen Institute && Vrije Universiteit Rotterdam	NA
2021	e1e4b33659d2c78f7e4ce95d5129d732	Sebastian Koehler	NA	NA	University of Konstanz	NA
2021	399321f49b4cbd00af8ecb10c2b22535	Bruno Castanho Silva	NA	NA	Cologne Center for Comparative Politics, University of Cologne	NA
2021	36b1e7c9bf87ed114d01e61ad99bc6f8	Christian Glaessel	NA	NA	Hertie School	NA
2021	329fd9ab0ecceb6ae8781c4db89c0b1f	Danielle Pullan	NA	NA	Cologne Center for Comparative Politics, University of Cologne && International Max Planck Research School on the Social and Political Constitution of the Economy, University of Cologne	NA
2021	e13c208bb20875cca30643f35f6683cb	Frederik Kjøller Larsen	NA	NA	University of Copenhagen	NA
2021	0d3e3aef84005d5f10d49dccd0cf3965	Jens Olav Dahlgaard	NA	NA	King's College London && Copenhagen Business School	NA
2021	a320955645d4d387750d097adc60b74c	Jens Wäckerle	NA	NA	Cologne Center for Comparative Politics, University of Cologne	NA
2021	56f5b81f2777280ed3b96696e1f85461	Nicolai Kristensen	NA	NA	VIVE, The Danish Center for Social Science Research && IZA Institute for Labor	NA
2021	5f091412a7026b94bb72f1439a9c2ef1	Álvaro Canalejo-Molero	NA	NA	European University Institute	NA
2021	2ac433df58e002ff16e10a0d06f7c911	Armin Schäfer	NA	NA	University of Münster	NA
2021	d7d118777af08197fa1df6f6e0147cf7	Marie-Lou Sohnius	NA	NA	University of Mannheim	NA
2021	9355c007063c038ccdf484fc14cea244	Robert Liñeira	NA	NA	University of Glasgow	NA
2021	1fffb28ecc41e8fa135bad9997d8dcb3	Sigrid Roßteutscher	NA	NA	Goethe University Frankfurt	NA
2021	86ff2d98104d3aa78f2ad143c45c3b9f	Thorsten Faas	NA	NA	Freie Universität Berlin	NA
2021	db2ad6e2327f041662bb27dfda21c87c	Clara Brandi	NA	NA	German Development Institute	NA
2021	2d876e3e4690dd4cf94f2cfc88846d43	Timon Forster	NA	NA	Freie Universität Berlin	NA
2021	b06cb6ba1e24e4489d526ccd0e366ca8	Bernhard Reinsberg	NA	NA	University of Glasgow, School of Social & Political Sciences	NA
2021	de5d487bed6e907aec4b0b2b5e8e986c	Florian Weiler	NA	NA	Center for Social Sciences, Central European University, Budapest	NA
2021	f36f5c285335030ff589810d3ba90e4c	Iasmin Goes	NA	NA	Carlos III University of Madrid	NA
2021	9abeb156e7f73f649f28cae39d996f0f	Nikitas Konstantinidis	NA	NA	IE University, School of Global & Public Affairs	NA
2021	99bfb591cd1477d18ffec409444a14c6	Silvana Tarlea	NA	NA	University of Basel	NA
2021	9db697c777c0a018257aeb9274227daf	Terrence Chapman	NA	NA	The University of Texas at Austin	NA
2021	13f18901a9e7a59ad2970b67eac08edb	Sebastian Juhl	NA	NA	University of Mannheim	NA
2021	8b5fbf39c4539b8023b111144a675361	Vera Eva Troeger	NA	NA	University of Hamburg, Germany	NA
2021	cf930d1c4e905adb6280f5ff0419685d	Alessia Damonte	NA	NA	University of Milan	NA
2021	5f5beec66f72ef3db3c1e5159fa17545	Liam Beiser-McGrath	NA	NA	Royal Holloway, University of London	NA
2021	f42f617d33154f0f588dc0c71dd849ec	Nick Vivyan	NA	NA	Durham University	NA
2021	802296e855ba91abf3f17b70495b7ed4	Katrin Paula	NA	NA	Technical University of Munich	NA
2021	1b95d51853aacd5eb086c224e0d1ddb3	Callum Craig	NA	NA	Trinity College Dublin	NA
2021	acc57c7d2fff4525f5f43263afde18f8	Gary Hutchison	NA	NA	Durham University	NA
2021	fce5389c98920d94f9563b06909f6556	Gidon Cohen	NA	NA	Durham University	NA
2021	84975bde2035e6935a9ea6078fd4d5b7	Patrick Michael Kuhn	NA	NA	Durham University	NA
2021	f76458c1438045a3fe81d9dd19aedfdf	David Hilpert	NA	NA	University of Mannheim	NA
2021	0dfad8f8eb2b5f558c888f3550bddba1	Barbara Vis	NA	NA	Utrecht University	NA
2021	4cb02c52d36c4113e34847d8075cc632	Hyeonho Hahm	NA	NA	Seoul National University	NA
2021	d3017cd36df5fdd0fcf74eeab2a81090	Jean Roisse	NA	NA	University of Stavanger	NA
2021	722376a1bf6c68c2b2ff4818584faa31	Raimondas Ibenskas	NA	NA	Department of Comparative Politics, University of Bergen	NA
2021	e63e7a627459ac370aaa7f5288f5ec6e	Thomas König	NA	NA	University of Mannheim	NA
2021	efbecf5d310a0bba8400b876aad555d9	Tània Verge	NA	NA	Universitat Pompeu Fabra	NA
2021	a0d867dba96528528724cfb939d4dfce	Aliza Forman-Rabinovici	NA	NA	Tel Aviv University	NA
2021	15de92f390fedb1b672ed1b6f33736bb	Anne Bauer	NA	NA	Tel Aviv University	NA
2021	d671804d9d24bcfdd5b0cebc34d3a433	Christopher Wratil	NA	NA	University College, London	NA
2021	94c5ce7126ccf03f81765472830a777d	Fabio Wolkenstein	NA	NA	Aarhus University	NA
2021	0487e7abb0009ec71711de49b20ae1f4	Kinski Lucy	NA	NA	Heinrich-Heine-Universität Düsseldorf	NA
2021	ca60735ec4350bbaea75e6b8760512f0	Maurits Meijers	NA	NA	Radboud University Nijmegen	NA
2021	5869c4256ce949c693f9971f3fd712fd	Rune Slothuus	NA	NA	Department of Political Science, Aarhus University	NA
2021	ccb1b3551bf0b2278ef65320ca9c34e2	Clareta Treger	NA	NA	Tel Aviv University	NA
2021	8dad956e5b731528e9d98a7a826265f0	Francesco Nicoli	NA	NA	University of Amsterdam && Ghent University	NA
2021	2e9ae444334f39e8fd10c2051807b68b	Martin Bisgaard	NA	NA	Department of Political Science, Aarhus University	NA
2021	fa337fb7ab6aff555c6553b6833cd666	Rasmus Skytte	NA	NA	Department of Political Science, Aarhus University	NA
2021	f47c51147fc330b4472b261110df542c	Renu Singh	NA	NA	Georgetown University Law Center, The Hong Kong University of Science and Technology (HKUST)	NA
2021	5249a4a8f5b4978e3f0bc9217560de7d	Theresa Kuhn	NA	NA	University of Amsterdam	NA
2021	7dbd78a1c7757392069f2747cc8f5f30	Stefanie Bailer	NA	NA	University of Basel	NA
2021	f09f1c43cfbda8a389f2eb93811b6713	Sven-Oliver Proksch	NA	NA	University of Cologne	NA
2021	ac2968bc9c1d28d8bcaf1764942e5b2a	Clint Claessen	NA	NA	University of Basel	NA
2021	11246b3fdfd117f9e408859364c9daa3	Daniel Höhmann	NA	NA	University of Basel	NA
2021	55bc370904c2aebe97aca6d38ee38c57	Denise Traber	NA	NA	University of Basel	NA
2021	af01ae2110b2f1bda73e7b2afae06799	Martijn Schoonvelde	NA	NA	University College Dublin	NA
2021	949cabde3cebd56980fea9fd3b51c68f	Miguel Pereira	NA	NA	University of Southern California	NA
2021	c0e5fe184720ae0feb15f2efd8484d73	Oliver Rittmann	NA	NA	University of Mannheim	NA
2021	acb07a230087d228c5f9b56fe7045331	Patrik Öhberg	NA	NA	University of Gothenburg	NA
2021	d2515d136a1d203f362654421276a7a2	Tobias Ringwald	NA	NA	Karlsruhe Institute of Technology	NA
2021	d897e43cc0b618c088d2b992f30f7cee	Steffen Hurka	NA	NA	LMU Munich	NA
2021	e32e61d63611fc221983f347d894d1ef	Constantin Kaplaner	NA	NA	LMU Munich	NA
2021	ce8a14f54852c527c775c173fb29fdd5	Federico Maria Ferrara	NA	NA	London School of Economics and Political Science	NA
2021	e99f350811de73f49207f88e40c53dc7	Maximilian Haag	NA	NA	LMU Munich	NA
2021	be4b584c519fbf56daeb24bb8f539387	Nicolò Fraccaroli	NA	NA	Brown University	NA
2021	87f89d78366d248902deb24908e5a033	Ilona Erzsebet Lahdelma	NA	NA	Juan March Institute, Carlos III	NA
2021	87f1141a82e0643ddd470739a8c05067	Moritz Marbach	NA	NA	ETH Zurich	NA
2021	6bbd025ad903a496169a55889a975381	Eman Abboud	NA	NA	Dublin University, Trinity College Dublin	NA
2021	8427bc8860ccb7cbd0f950a5ae6f0ac2	Samuel Schmid	NA	NA	Max Planck Institute for the Study of Religious and Ethnic Diversity	NA
2021	d8a6509cb6e6d4f93ffb765853739842	Spyros Kosmidis	NA	NA	University of Oxford	NA
2021	3f51f0d84807abe332f695b0caa39f9c	Théoda Woeffray	NA	NA	University of Bern	NA
2021	fc9d40232a0d2314ab1348dde2aceef3	Julie Hassing Nielsen	NA	NA	Department of Political Science, Lund University	NA
2021	7c37fa0ad70593284e10c652f4dd3ee7	Julia Schulte-Cloos	NA	NA	Ludwig Maximilian University of Munich	NA
2021	33a33d90b4c5195ba0b79d0ebe81b06b	Christopher Anderson	NA	NA	London School of Economics and Political Science	NA
2021	91458ce86cf384a177226eaf69ebe93d	Dalston Ward	NA	NA	ETH Zurich	NA
2021	f8851e6778795892c67c04f7f30a0722	Davide Morisi	NA	NA	Collegio Carlo Alberto	NA
2021	70ef24571fea70d58fd48402a9d5b153	Dominik Hangartner	NA	NA	ETH Zurich	NA
2021	7c5a752a9e4d099a4e3f15609baabd00	Guillaume Kon-Kam-King	NA	NA	INRAE	NA
2021	e03f839c0ed9f8b12657923615604e8a	Héloïse Cloléry	NA	NA	Sciences Po	NA
2021	4af64edc35a4ff13aff2aaa451f0f62d	Sara Hobolt	NA	NA	London School of Economics and Political Science	NA
2021	21050c9b58c81c13d05466535e530476	Wang Leung Ting	NA	NA	London School of Economics	NA
2021	d879ed649eaf0fd89ac98a317f5c9854	Errin Tijssens	NA	NA	1 Leiden University College	NA
2021	e376bc7c870b60135e8251dddead2123	Ivan Bongiorni	NA	NA	University of Milano	NA
2021	4ce96965f5f7676cce7f8b2338a40644	Kristin Makszin	NA	NA	1 Leiden University College	NA
2021	7f727409915acfec4da0295b6280e8b5	Gorana Grgic	NA	NA	The University of Sydney	NA
2021	f77816d1697e17209fbbadfe5f401098	David Weyrauch	NA	NA	University of Mannheim	NA
2021	d5df90c1384cd38f13c9dce931330560	Faisal Ahmed	NA	NA	Princeton University	NA
2021	b6550943db7c7eb923e3d570f44edad0	Isabell Burmester	NA	NA	Global Studies Institute, University of Geneva	NA
2021	b9313a92e262e620532a128791ed82cf	Markus Freitag	NA	NA	LMU Munich	NA
2021	57968caa2f9b0932eabd408a3439b48f	Paul Thurner	NA	NA	LMU Munich	NA
2021	f1bcc2ec94999cf1cece737cdc858b3b	Zeynep Somer-Topcu	NA	NA	University of Texas at Austin	NA
2021	281e8880159e8888a79a20ba31f4eb94	Jan Schwalbach	NA	NA	University of Cologne	NA
2021	a3efbb1b80000008b0976766e562be86	Oguzhan Alkan	NA	NA	University of Texas at Austin	NA
2021	85c77e3f771380472a11c4d3b6d2a4cf	Catarina Leão	NA	NA	University of Oxford	NA
2021	cc760dcf207a87a04648cfe7d77610f9	Guillermo Kreiman	NA	NA	DPhil Candidate - University of Oxford	NA
2021	78be8ea44b7543a6f11761760f6c8ff7	Ignacio Lago	NA	NA	UPF	NA
2021	e00e3a98cab126c99a2de69ca9ad444b	Zack Kramer	NA	NA	Charles University	NA
2021	718109c735006d62cd862c03ae5f3545	Andreas Juon	NA	NA	International Conflict Research Group, ETH Zurich	NA
2021	7af6b079457ab52afb4f90b6716c51b2	Benoit Siberdt	NA	NA	University of Oxford	NA
2021	ccc11667c9f2370894b4a31530c22af6	Marina Petrova	NA	NA	Bocconi University	NA
2021	7c77726cff43e7a42f764efffce15ce7	Miriam Sorace	NA	NA	University of Kent	NA
2021	0ada7ffdff0fac09eeb1d32e2a5e19c5	Lucas Leemann	NA	NA	University of Zürich	NA
2021	ff64e6703b49ba185b2912d618f89a81	Guy Mor	NA	NA	The Hebrew University of Jerusalem	NA
2021	5f1b4c427741ec160d0a402eaa2349fb	Odelia Oshri	NA	NA	The Hebrew University of Jerusalem	NA
2021	e6104d35552d9693ba55a64936e12380	Sarah Engler	NA	NA	University of Zürich	NA
2021	959e0e7117882cede4ab2da0907856b8	Shaul Shenhav	NA	NA	The Hebrew University of Jerusalem	NA
2021	6c6104288a2a6a418544e3510c129134	Alex Honeker	NA	NA	University of Pittsburgh	NA
2021	0f69abb42d563855ff0e38efa7048ff1	Dan Keith	NA	NA	University of York	NA
2021	a182caf123ea4b4e176190d4809f72d5	Lee Jieun	NA	NA	University at Buffalo	NA
2021	c063148812b639a5b5d9abc37c3114b9	Sofia Vasilopoulou	NA	NA	University of York	NA
2021	cdfa241a6973a4a907375a151d591489	Tanja Schweinberger	NA	NA	University of Geneva	NA
2021	6dece8a6a7ae60f176e0f9f69bb8bde2	Pawel Charasz	NA	NA	Duke University	NA
2021	341148f0a1c9859c72bd827cd2b97914	Simone Cremaschi	NA	NA	Bocconi University	NA
2021	719509e361a7bc7c5abbb4110cb3fd26	Theresa Bernemann	NA	NA	Johannes Gutenberg University Mainz	NA
2021	4dd610c40e5eeda646dfcb0928dd3c12	Akitaka Matsuo	NA	NA	University of Essex	NA
2021	5e2eb801aac93b90e126e21be41b9b29	Musashi Harukawa	NA	NA	University of Oxford	NA
2021	b9fe836f55e319790d7bfc7740912f42	Andreu Casas	NA	NA	Vrije universiteit amsterdam	NA
2021	0e94df5f2dbcfaf0236a1121bb21a436	Anna Palau	NA	NA	University of Barcelona	NA
2021	0a4c2a35277c31c566ddcf67d172c785	Hauke Licht	NA	NA	University of Zurich, Department of Political Science	NA
2021	04e16d447c60abc3d217ee9cd00b30cd	Kentaro Fukumoto	NA	NA	Gakushuin University	NA
2021	779db4ec58c04dae4e4e8cead1c5fa60	Lukas Stötzer	NA	NA	Humboldt University of Berlin	NA
2021	00864bdac5609aa17e17471d9c9913fe	Luz Muñoz	NA	NA	University of Barcelona	NA
2021	eac45a57da1e9773f632472e81162773	Tara Slough	NA	NA	New York University	NA
2021	a57f903f1ead425a0a0c2d7556c28b79	Alessandro Pizzigolotto	NA	NA	Norwegian School of Economics (NHH)	NA
2021	e0975f8f5b994a53eb16057b57f5bb2c	Fabian Paetzel	NA	NA	Helmut Schmidt University Hamburg	NA
2021	42bcb7040b324aeba2d4aab093b20e16	Luca Bellodi	NA	NA	Bocconi University	NA
2021	dbe5254960ea70d18c33fd0263cb602c	Shira Cohen	NA	NA	Interdisciplinary Center Herzliya	NA
2021	fe9807cdc19b07ccace76e4a69ded328	Andrew Guess	NA	NA	Princeton University	NA
2021	c070574115f040bb176f7cc4d819282a	Bernhard Clemm	NA	NA	European University Institute	NA
2021	c80e9bb48e94fc38c2fa30242142b1a9	Natalia Bogado	NA	NA	University Koblenz Landau	NA
2021	2918c1bff02129d93e3d38e34fe777c5	Nerea Gandara Guerra	NA	NA	European University Institute	NA
2021	df4cb69b413115f502e48f35bc5a2ba4	Ziyi Wu	NA	NA	Massachusetts Institute of Technology	NA
2021	5b4310b066fd95ddec59e91589c9fbe3	Fabio Wasserfallen	NA	NA	University of Bern	NA
2021	c55bbd4f84a926e7a2cbfc0788a9106b	Gabriele Spilker	NA	NA	University of Salzburg	NA
2021	b006e5b77ba69007895b4c0b281cdc82	Lena Maria Schaffer	NA	NA	University of Luzern	NA
2021	653ef4c9dadfb95d6dcf82e40be3db61	Samuel Johnston	NA	NA	Trinity College Dublin	NA
2021	767274c1e9cfd81b02d39453601515ac	Amy Basu	NA	NA	Yale University	NA
2021	ca583943762a044e6ffa25d4a9ba91fc	Ezequiel Gonzalez Ocantos	NA	NA	University of Oxford	NA
2021	5f3ce4466745d1539b52746fb57527d1	Macarena Ares	NA	NA	University of Zurich	NA
2021	f6c4add89302211210e2cdbaed948698	Manoel Gehrke	NA	NA	Bocconi University	NA
2021	40090c822a08b7c4ae52d42757f4254b	Nelson Ruiz	NA	NA	University of Oxford	NA
2021	9db8c28f9e00999831accfb73c5b4c83	Sofía Breitenstein	NA	NA	Universitat Autònoma de Barcelona	NA
2021	84eff7ae52ba293f26761c1f62b7e352	Thomas Robinson	NA	NA	Durham University	NA
2021	3c43f696f30a09bb0f020ca1a6ee2d21	Tim Haugthon	NA	NA	University of Birmingham	NA
2021	b6013946c6c4ae2411fb810ef5327a74	Albert Falcó-Gimeno	NA	NA	University of Barcelona	NA
2021	bd327a1a299c6c6bb5914192a534170c	Christian Oswald	NA	NA	Trinity College Dublin	NA
2021	82e16c4096fc1b0da7d7c8253da3e3ef	Daniel Auer	NA	NA	WZB - Berlin Social Science Center && MZES - Mannheim	NA
2021	e2bee46111008793e5d759ea79cb50a5	Daniel Meierrieks	NA	NA	WZB - Berlin Social Science Center	NA
2021	a92297de14c9a1e372d24efae78f765b	Francesco Baraldi	NA	NA	Università degli Studi di Milano	NA
2021	e754798eb04c28061a05ef9f7ca2d5c4	Dominik Schraff	NA	NA	Center for Comparative and International Studies, ETH Zürich	NA
2021	e1eee5473eb2a9a7d83060537c3d5eac	Bernhard Weßels	NA	NA	WZB Berlin Social Science Center	NA
2021	d617a9260fe12d72337e4684c7c29aaa	Constanza Sanhueza	NA	NA	WZB Berlin Social Science Center	NA
2021	cd46e324e323d254cab81ed23a9c3472	Daniel Devine	NA	NA	St Hilda's College, University of Oxford	NA
2021	6db094baaf30709e79508cd80ef6a88b	Esther Greussing	NA	NA	TU Braunschweig	NA
2021	c858f3414960dc5f5aca18ce44daba7c	Hannah Willis	NA	NA	University of Southampton	NA
2021	07f5917c7300b6015531086362565b81	Heiko Giebler	NA	NA	WZB Berlin Social Science Center	NA
2021	99af8359bc804ed2403a254ace0b9d8b	Jakob-Moritz Eberl	NA	NA	University of Vienna	NA
2021	b2b7387593a8626c7ad61a27623c15ac	Jennifer Gaskell	NA	NA	University of Southampton	NA
2021	895a646bd42b4765a6960203fccc00d9	Kristoffer Ahlstrom-Vij	NA	NA	Birkbeck, University of London, Department of Philosophy	NA
2021	27e1ce76238fa389f4156248c133c9ae	Sven Hegewald	NA	NA	Center for Comparative and International Studies, ETH Zürich	NA
2021	d7a5c4eb2ebf5de5a5ed22b0fe5496d9	Viktor Valgardsson	NA	NA	University of Southampton	NA
2021	39ffe41af6b08ae6ac2581175201bc08	Fabio Franchino	NA	NA	Università degli Studi di Milano	NA
2021	9975ebfe92c9130115cc3853155ce605	Michael Becher	NA	NA	IE University	NA
2021	74f5a9d5f1df77c66bf21426cb171ade	Alessia Aspide	NA	NA	Leiden University	NA
2021	1abfcf51987b5e7ce9f5ace30d9ea460	Felix Hartmann	NA	NA	Department of Social Sciences, Humboldt University Berlin	NA
2021	dceca6a03db62c3ff987fe082b288aa0	Jonah I Goldberg	NA	NA	University of Toronto	NA
2021	31a45d92f0ffc2361dc19f8659e73644	Matthew di Giuseppe	NA	NA	Leiden University	NA
2021	a051380bcd072a422144b9edc2af3654	Md Mujahedul Islam	NA	NA	University of Toronto	NA
2021	c2115ec7cfc4880dc59efc460613f282	Xander Slaski	NA	NA	Leiden University	NA
2021	b6218e4d0176a85c2ae1f29be678f4a0	Ken Stiller	NA	NA	University of Oxford	NA
2021	684404428e1098b1f8640c8c14d8de9c	Kenneth Stiller	NA	NA	University of Oxford	NA
2021	d918d69e9916e795f0ff6cd12a02dd92	David M. Grundmanns	NA	NA	Mannheim Centre for European Social Research, University of Mannheim	NA
2021	8848a2da5ca8d272e5888deb89b3eb84	Benjamin G. Engst	NA	NA	University of Mannheim && Mannheim Centre for European Social Research && Collaborative Research Center 884	NA
2021	dbefe224c112aabd14a0bd67626b9314	Daniel Naurin	NA	NA	University of Oslo	NA
2021	b34fed20a48c0b727da320a7b47222f3	Gemma Lligadas Gonzalez	NA	NA	Oxford University, Department of Politics and International Relations, ESADE Law School, Ramon Llull University	NA
2021	2c3cbc12e0e3783c5ab45eed5afb3f59	Joan-Josep Vallbé	NA	NA	University of Barcelona	NA
2021	6097e2640d0edcb137e2e892c60c411a	Johan Lindholm	NA	NA	Umeå University	NA
2021	b401340e9c8b9a463fbd2dc886eb7b18	Philipp Schroeder	NA	NA	Umeå University	NA
2021	8bea644fd0238b7644e665414608fc5e	Sergi Martinez	NA	NA	European University Institute	NA
2021	3b20d499ca822fbbd82d99f360320698	Ala' Alrababa'h	NA	NA	Stanford University	NA
2021	fc7b0f19b4bd045de689c97f7ef472b3	Amy Yunyu Chiang	NA	NA	University of Pittsburgh	NA
2021	a047e8a1ce792bc9f65cd2793e2bcbf6	Elisa Volpi	NA	NA	University of Geneva	NA
2021	909f8a3721b188d11a914a8fe1f7e063	Leo Ahrens	NA	NA	Free University of Berlin	NA
2021	6f82ab15c70eab3fb79bcc6f54f66f11	Nathalie Giger	NA	NA	University of Geneva	NA
2021	d244616efb6a3752cd26672e0a4ee766	Ana Weeks	NA	NA	University of Bath	NA
2021	d37d5c8a97a080866dfdb2801a167b52	Anne Rasmussen	NA	NA	University of Copenhagen, Leiden University, University of Bergen, University of Strathclyde	NA
2021	e46bc8fa4407d0508fbdae276b6a4f4d	Hilde Coffé	NA	NA	University of Bath	NA
2021	1fee2a8674cdb0464700a2bfd36cb686	Itai Beeri	NA	NA	University of Haifa	NA
2021	a7f9c73a338cb4e09fb1966ec92ffae8	Jae-Hee Jung	NA	NA	University of Oxford	NA
2021	b69914da8cb8702df65290b644c62608	Lauren Toner	NA	NA	University of Strathclyde	NA
2021	a65b1e67a5534900cc0fc0a21f7bf460	Sparsha Saha	NA	NA	Harvard University	NA
2021	4dade1a25ffdfd371e4f1e48c7d78a1e	Stefanie Reher	NA	NA	University of Copenhagen && Leiden University && University of Bergen && University of Strathclyde	NA
2021	b87786e9ed0af208e76ad81b582f5505	Simon Friedrich Ellerbrock	NA	NA	Mannheim Centre for European Social Research (MZES), University of Mannheim, Germany	NA
2021	11a0627577021d033e492e26a4d54124	Irene Sanchez-Vitores	NA	NA	Universidad Carlos III de Madrid	NA
2021	5e9ac0deef1b96df44a1e1a8d5081260	Manuel Neumann	NA	NA	Mannheimer Centre for European Social Research, Universität Mannheim	NA
2021	a86c5a9c0b2c0d7354a2437281f25148	Monica Ferrin Pereira	NA	NA	Universidade da Coruña	NA
2021	3d3b504b00dc454bab4e258217eafca1	Jeffrey Nonnemacher	NA	NA	University of Pittsburgh	NA
2021	9dd4dbb1261ea800b40a6c5352cc469f	Jan Velimsky	NA	NA	LMU Munich	NA
2021	98fc085ff75e8cb04c540a6ac6c4ded1	Sebastian Block	NA	NA	LMU Munich	NA
2021	03e843863aa1f994a3f9ea54113746e3	Liran Harsgor	NA	NA	University of Haifa	NA
2021	08ff329acd0bbdd08f8c8a00c1582299	Armin von Schiller	NA	NA	German Development Institute / Deutsches Institut für Entwicklungspolitik (DIE)	NA
2021	47d04e7135119ac0826fadc62d7fc41c	David Sebudubudu	NA	NA	University of Botswana	NA
2021	a149290bc9398e1b3b38836936e4bd61	Isamu Okada	NA	NA	Nagoya University	NA
2021	497deefd8f2000823983c261e4e91ee0	Markus Geray	NA	NA	ETH Zurich	NA
2021	e166caeafe676a7842571df844b0e278	Yoshiaki Kubo	NA	NA	University of the Ryukyus && Harvard University	NA
2021	bd8ad80de7435f3237ff10d93a9c5f37	Luis Miller	NA	NA	Institute of Public Goods and Policies of the Spanish National Research Council (CSIC)	NA
2021	9f5225038da04d431d541ad1050b9439	Oliver Strijbis	NA	NA	Institute of Political Science, University of Zurich	NA
2021	037fef90dae3b91b568377ea700c9039	Peyman Amiri	NA	NA	University of Guilan	NA
2021	0fd1b88ec336d0edd02336274f449640	Rafael Leonisio	NA	NA	National Distance Education University (UNED)	NA
2021	ee1f65fb20ced132b17f7f430b097bf9	Maria Zuffova	NA	NA	European University Institute	NA
2021	5bd08eea22e77509051f18df8c22d46e	Amanda Haraldsson	NA	NA	European University Institute	NA
2021	34ca0459b74a46b97de9926ff52d50f0	Dominik Duell	NA	NA	University of Essex	NA
2021	957022e60595ff45e040807619eb6234	Carol Galais	NA	NA	Universitat Autònoma de Barcelona	NA
2021	a5da56150379f361789e90c35f0078e8	Pirmin Stöckle	NA	NA	University of Mannheim	NA
2021	02b6efdd9e24aa3fe043576a1b027b27	Roni Lehrer	NA	NA	University of Mannheim	NA
2021	3150a7cd08f1587bdb4a88750f8a6c19	Kenneth Benoit	NA	NA	London School of Economics and Political Science	NA
2021	3a420256f96af16a18a5dbe55ee5335a	Sergio J. Ascencio	NA	NA	University of New Mexico	NA
2021	c53f12a26d50bfaa023807d2d50e435d	Johannes Giesecke	NA	NA	Humboldt University of Berlin	NA
2021	d1fb8feb526a87e03c77935f9969ad47	Daniel Gingerich	NA	NA	University of Virginia	NA
2021	70ccda64b3f528ee7acb15420c0b1499	Barton Lee	NA	NA	UNSW Sydney	NA
2021	29e51985675029c6bfcfb013444f07bb	Gabriele Gratton	NA	NA	UNSW Sydney	NA
2021	a89a8ebef41355116b64ed268bddaf9e	Mara Revkin	NA	NA	Georgetown University	NA
2021	3457e37c013dcf59a794952a4fd3ab26	Marc S. Jacob	NA	NA	ETH Zurich	NA
2021	a5897565fdab47bac7404f078ca8cdac	Verena Kunz	NA	NA	University of Mannheim	NA
2021	b4cd0e48abe2a90220fe5e620abdf8ed	Michael Neugart	NA	NA	Technische Universität Darmstadt	NA
2021	1f1f760895dc75131b2981c12f832fe6	Fernando De la Cuesta	NA	NA	Universidad Complutense de Madrid, Universidad Carlos III de Madrid	NA
2021	e6fd964e1b004b31be4b61ddb893ee7f	Miguel Rueda	NA	NA	Emory University	NA
2021	f77565d41c4885ec3e20647244a8eb1b	Sina Smid	NA	NA	Copenhagen Business School - Department of International Economics, Government and Business	NA
2021	ae3f356596ec6b5fc8511ae702a1d725	Mark Pickup	NA	NA	Simon Fraser University	NA
2021	a48b034a8956be5b8b81ae94f5c8d9e3	Eric Neumayer	NA	NA	London School of Economics	NA
2021	57b3cd080ee87f7cb379d1ff2228f987	Irene Menendez	NA	NA	IE University Madrid	NA
2021	3aba77b0a6cd9de74ead317d9b99065d	Jakub Charvát	NA	NA	Metropolitan University Prague	NA
2021	244f4828abb5269c992d6eb565907e8a	Matthew Shaik	NA	NA	Vienna University of Economics	NA
2021	09a8101114bd90176493a961aca5ca5b	Petr Just	NA	NA	Metropolitan University Prague	NA
2021	a312f194ad899364eba61e7dd695637e	Sarah Berens	NA	NA	University of Innsbruck,	NA
2021	4507bcd7f5b089b295298d771e52b26c	Thomas Pluemper	NA	NA	Vienna University of Economics	NA
2021	efff21c5af82744de9bdd84c163036bc	Vincent Hopkins	NA	NA	Simon Fraser University	NA
2021	32a12664342cb5aa62d339ee760d84e7	Brandon Beomseob Park	NA	NA	University of Reading	NA
2021	60ed4cd212d71e4f5083eab11eb2cb6f	Alexandra Jabbour	NA	NA	University of Montreal	NA
2021	3a8ba9a0d721e47dfc8719f02e6f5dd6	David Wineroither	NA	NA	Center for Social Sciences, Budapest	NA
2021	5ab28e5d214fb6d0fc28cbcacc9d2153	Loren Collingwood	NA	NA	University of New Mexico	NA
2021	c6af20c5bf421dd1ad441891e2730a84	Mary Stegmaier	NA	NA	University of Missouri	NA
2021	61888b47b5791ba08f7df324af815213	Michael Lewis-Beck	NA	NA	University of Iowa	NA
2021	6bab9cf3774ce04ac83a528d52f3fa4b	Pablo Fernandez-Vazquez	NA	NA	Universidad Carlos III	NA
2021	d23ad0a890f53b35dbfc49f400f8a952	Simon Fink	NA	NA	Center for Social Sciences, Budapest	NA
2021	934b34ca80cf0da4c8ac6192fbb313c1	Anthea Alberto	NA	NA	Humboldt-Universität zu Berlin	NA
2021	0fd7b767c35d446212aa09f47e66bae5	David Fortunato	NA	NA	University of California, San Diego && Copenhagen Business School	NA
2021	6bafeda736f2f90dbf94a80df3a3b077	Galina Zudenkova	NA	NA	TU Dortmund University	NA
2021	3b2ae220a68e666287e40326942188ff	Or Tuttnauer	NA	NA	MZES Universität Mannheim	NA
2021	c04c96a51fa9364720e178feaa3be2ea	Randolph Stevenson	NA	NA	Rice University	NA
2021	12cd830e4af31566970a994a8355e7b7	Seonghui Lee	NA	NA	University of Essex	NA
2021	fd83a9836dd544c67a67a4f20e0a8675	Thiago Nascimento da Silva	NA	NA	Universität Mannheim	NA
2021	45c10a84aa4bf36d4753e7aa08961039	Xiao Lu	NA	NA	University of Mannheim	NA
2021	35433f4584f82541943aede4d4f9761e	Markus Kollberg	NA	NA	University College London, Department of Political Science	NA
2021	930a25c504f388b2c84d29be65f5fbda	Michele Fenzl	NA	NA	University of Zurich	NA
2021	be11055454aa3c7ae76612dccdd10bb9	Pit Rieger	NA	NA	University of Zurich	NA
2021	fcfa8c92b17bd1f5bc5ceb270f41cc45	R. Daniel Kelemen	NA	NA	Rutgers University	NA
2021	a8191dad01f75facd56a24b239a43cfb	Roman Hlatky	NA	NA	University of Texas at Austin	NA
2021	46f2fc460b65e41cc799c2ed1d2773fe	Ronja Sczepanski	NA	NA	ETH Zurich	NA
2021	1a8977996e23da042d118b162d485098	Philippe Mongrain	NA	NA	Department of Political Science, Université de Montréal	NA
2021	887ca83f2ed76864b0be552e3c9bef67	Cody Buntain	NA	NA	New Jersey Institute of Technology	NA
2021	482e3dd8dc0bb3d3e4dbf51a9248121b	Fabian Haak	NA	NA	TH Köln – University of Applied Sciences	NA
2021	45743b7791d0ee1834e75818f1559ec3	Franziska Pradel	NA	NA	University of Cologne	NA
2021	2001e52912645e95a877c0b31cb6e598	Jonathan Nagler	NA	NA	New York University	NA
2021	3e55bf2f0f4a5dca9bc736674120eaa0	Joshua Tucker	NA	NA	New York University	NA
2021	a4e1ca0aea7b90230fb441eff6fd799c	Kevin Aslett	NA	NA	New York University	NA
2021	f6033a06c3afda4eea2de85d0b88520f	Philipp Schaer	NA	NA	TH Köln – University of Applied Sciences	NA
2021	56b1ca613e010830df95073483994f04	Richard Bonneau	NA	NA	New York University	NA
2021	a5c176e203a45835d2f6b2ad9e0bc9f2	Zhanna Terechshenko	NA	NA	New York University	NA
2021	b7f9f3e44cdddcedd2b9b939a39fbd32	Clara Fauli Molas	NA	NA	Trinity College Dublin	NA
2021	0d8c4884642165b41b40b91ecc942850	Paul Cornelius Bauer	NA	NA	Mannheim Centre for European Social Research	NA
2021	aa0174255b10b5c834c5abce3293211e	Stefan Müller	NA	NA	University College Dublin	NA
2021	83e5d665c43075b51951a054fb60a063	Anna Clemente	NA	NA	European University Institute	NA
2021	b1e63579aa45de3dcb7baba00c44077b	Laure Bokobza	NA	NA	Nuffield College, University of Oxford	NA
2021	82753409ca2a3a03842872e614fa4ec0	Manuel Sola Rodríguez	NA	NA	European University Institute	NA
2021	fad6de256c08f595977abfc79b3c206c	Rodolfo Disi Pavlic	NA	NA	Temuco Catholic University	NA
2021	f8f8e79bac69be5742b3c9fddd17249c	Simón Escoffier	NA	NA	Universidad Autónoma de Chile	NA
2021	b19f9f6870b776ef6771eb8f9b6b7fd1	Alejandro Ecker	NA	NA	Mannheim Centre for European Social Research, University of Mannheim	NA
2021	8eae748fa8f4e76614a906e9f182e776	Javier Martínez-Cantó	NA	NA	University of Konstanz	NA
2021	ae0be38daef8de315b81979c14dae0fc	Laura Chaqués Bonafont	NA	NA	University of Barcelona	NA
2021	ae1fde6e2498f9dee6c6b40ade946954	Michael Imre	NA	NA	Mannheim Centre for European Social Research, University of Mannheim	NA
2021	ec3290d33b13cf21e1406175c5d13165	Raymond Duch	NA	NA	Nuffield College, University of Oxford, Oxford	NA
2021	fc1477364c85b2220814f5361987a1a3	Ashley Thornton	NA	NA	Graduate Institute of International and Development Studies	NA
2021	56187601744d9edb30f89340a60b0164	David Sylvan	NA	NA	Graduate Institute of International and Development Studies	NA
2021	7b5aeb7253a1f4e5e5e427f5b45e3e7d	Elena Llaudet	NA	NA	Suffolk University	NA
2021	023891395824863eca63317defeaaae1	Jean-Louis Arcand	NA	NA	Graduate Institute of International and Development Studies	NA
2021	73a39720ea41ee2246f5885fd9beffd0	Jennifer Oser	NA	NA	Ben-Gurion University	NA
2021	274f58bd0f33272f45dd8bf324766c9c	Anna Pless	NA	NA	KU Leuven	NA
2021	64419f26698b2111da13d535786d5399	Dick Houtman	NA	NA	KU Leuven	NA
2021	24ff817dea0978d0546667736db8740a	Fernando Feitosa	NA	NA	University of Montreal	NA
2021	3d72339606bf2f5553d40b12bbb93995	Klara Dentler	NA	NA	Graduate School of Economic and Social Sciences, University of Mannheim, GESIS – Leibniz Institute for the Social Sciences	NA
2021	3ed5590deb97d84f98341ab941b18715	Michal Kotnarowski	NA	NA	Institute of Philosophy and Sociology, Polish Academy of Sciences	NA
2021	ab0fef8943aa96ddf6a996fce7a31529	Paul Tromp	NA	NA	KU Leuven	NA
2021	21a79155ba8ad819c1ef36f9f68eaae0	Salomo Hirvonen	NA	NA	University of Bristol	NA
2021	dd2fa49d623cb779a3d1d75ac3b16093	Amanda Driscoll	NA	NA	Florida State University	NA
2021	493faaa2a21bee6648d6807a2f75d968	Felix Olsowski	NA	NA	University of Mannheim	NA
2021	d2d74f924c800dfffd490521a754a861	Jay Krehbiel	NA	NA	West Virginia University	NA
2021	57335d531c9c7d6d6c52f84f415f4d0f	Michael Nelson	NA	NA	Pennsylvania State University	NA
2021	9d11faba7b0cc166f8353c1b758df12f	Lior Sheffer	NA	NA	Tel Aviv University	NA
2021	5108f1a41d1081c040bc8ece451f40dd	Diego Garzia	NA	NA	University of Lausanne	NA
2021	b1b8256e10bcf4189567dd85a3921523	Dragana Vidovic	NA	NA	University of Essex	NA
2021	9588d90bd50470167c7e6bd4bccf1595	Eran Amsalem	NA	NA	Hebrew University of Jerusalem	NA
2021	b698fdefeeb0212962e10e1ca4906ebd	Frederico Ferreira da Silva	NA	NA	University of Lausanne	NA
2021	b1c5a445aabb8d048f9472dfeda3e663	Gina Reinhardt	NA	NA	University of Essex	NA
2021	6046fc3844ad36c1c3d8a1cbb469b753	Jeffery Mondak	NA	NA	University of Illinois	NA
2021	a8704d972e43e4fc7642529201e5d53e	Loes Aaldering	NA	NA	Free University Amsterdam	NA
2021	39649932c13d85d98b9a904f0c5750ee	Matthew Rice	NA	NA	University of Illinois	NA
2021	2986ce059ab4f026d3b05ecbff6d0d5b	Megan Remmel	NA	NA	Bradley University	NA
2021	0830128cf1d8af500be39c226d53e192	Alex Braithwaite	NA	NA	University of Arizona	NA
2021	59bd8bff574b11afdd6d89ac8729d8c5	Alon Yakter	NA	NA	Tel Aviv University	NA
2021	f5d804e4fbff6925c03000f3d796bd1a	Faten Ghosn	NA	NA	University of Arizona	NA
2021	b7add804d4fb7ef866b2c93a682cb0e0	Laura Saavedra-Lux	NA	NA	University of Essex, Department of Government	NA
2021	7411cdbfd18f156314715d65ec0b97c1	Michael Frith	NA	NA	University College London	NA
2021	62c3d5b8e784b705169a09cfff6b6d4f	QingQian He	NA	NA	China University of Political Science and Law	NA
2021	16ef81f500fd17b30eb06de6811481c3	Shusuke Ioku	NA	NA	Waseda University	NA
2021	fccc781c6bd1ae4a5ec85ec73a893169	Tiffany S. Chu	NA	NA	Virginia Military Institute	NA
2021	d6895a5f4a4f9aff64fdaa65da4b4c60	YaQian He	NA	NA	University of Central Arkansas	NA
2021	70fe43b99655a00390eeb71fea877f1f	Defne Günay	NA	NA	Ya?ar University	NA
2021	dca84cea09514e6935f4b67e39f993e5	Gizem Arıkan	NA	NA	Trinity College Dublin	NA
2021	79c870dcae8ef5dc12791e904e96192e	Gizem Melek	NA	NA	Ya?ar University	NA
2021	ce0e7e633d612173d79f4ae6b5227394	Marius Busemeyer	NA	NA	Universität Konstanz	NA
2021	3eaa4fa93ee71c056f0db0ebd0f5c9a7	Yusuke Murakami	NA	NA	The University of Tokyo	NA
2021	535b068e3baa90eb415edbc027473e26	Hyeran Jo	NA	NA	Texas A&M University (U.S.A.)	NA
2021	58e0e61c97570ce13afb5096c2bec08a	Birgit Meyer	NA	NA	Wirtschaftsuniversität Wien && Österreichisches Institut für Wirtschaftsforschung Wien	NA
2021	76128f57daca4999118c49178ae470dc	Daniel Ohrenhofer	NA	NA	Trinity College Dublin	NA
2021	0539730fd38b4b3bd78708a9a6d47762	Katharina Pfaff	NA	NA	Wirtschaftsuniversität Wien	NA
2021	565342c7897f66f797da4b2eea6db131	Yuleng Zeng	NA	NA	University of Salzburg	NA
2021	7cf90e8cecefc9dcbe9c14885541f515	Atsushi Yamagishi	NA	NA	Princeton University	NA
2021	5ac10927edea08b5a7727de836d27e8b	Daiki Kishishita	NA	NA	Tokyo University of Science	NA
2021	4e79267973082f950242c6bb5369a281	Maurice Dunaiski	NA	NA	London School of Economics	NA
2021	d93c607c1b6915bd0e718dfee29ae815	Tomoko Matsumoto	NA	NA	Tokyo University of Science	NA
2021	b8e9ed1f9cd15567bba767f9e284d27e	Aykut Ozturk	NA	NA	University of Glasgow	NA
2021	ed48c105e6d8ee3273a595d9360041c0	Edward Goldring	NA	NA	University of York	NA
2021	9ce1ba4754a62b69ef1b84d90811c587	Haoyu Zhai	NA	NA	European University Institute	NA
2021	de8b0ba66d9851b40233d086b25fafa1	Johannes Gerschewski	NA	NA	WZB Berlin	NA
2021	80a2ecaae7eedeb86a22fd6c3ece0ad8	Katerina Tertytchnaya	NA	NA	University College London	NA
2021	14c6b1749570a631db21fb21593407d3	Ksenia Northmore-Ball	NA	NA	Queen Mary, University of London	NA
2021	7778717b997d8ad29fa8ca1b12306da7	Peter Ward	NA	NA	University of York	NA
2021	d29d5b06152045de6c60ba7387d334ff	Carina Schmitt	NA	NA	University of Bremen	NA
2021	e06ddcd39e60e88de9348bf748902b0c	Jeppe Vierø	NA	NA	Department of Political Science, University of Copenhagen	NA
2021	1bb2306f022bd6915a03b327ae7c0b7b	Tianyi Wang	NA	NA	University of Copenhagen	NA
2021	69c415ea0d0dc6534f424ec4567cb6a2	Shenghao Zhang	NA	NA	University of Essex	NA
2021	ddf2447d0e7b1b1b42c7c679374a717a	Wenqing Huangfu	NA	NA	University of Macau	NA
2021	11d548f82c7827785a8afe768678591a	Xiangning Wu	NA	NA	University of Macau	NA
2021	919a8f6b43f70b672de7dc26be51642d	Andrea Fumarola	NA	NA	University of Bergen	NA
2021	2077dff3d4913fbafe240a1f4c807a32	Guillermo Toral	NA	NA	Vanderbilt University	NA
2021	67aca24c84c6afba08e0f330d5b9c8a6	Sergi Ferrer	NA	NA	Department of Political Science, University of Barcelona	NA
2021	08ab464c637438e5cdd283022d5b047b	Lukas Haffert	NA	NA	University of Zurich	NA
2021	8658bda40fb508f780e75a7516b673b4	Delia Zollinger	NA	NA	University of Zurich	NA
2021	4275c77d7756df28835fd38fec4ed649	Itamar Yakir	NA	NA	School of Public Policy and government, Hebrew University, Jerusalem	NA
2021	3aa784ac90a1a76cceaf51c1ff2ac228	Lena Maria Huber	NA	NA	University of Vienna	NA
2021	f5039c190b88cbd1271ac73e9667e81f	Noam Titelman	NA	NA	London School of Economics and Political Science	NA
2021	ccc245f3ac65c993b866fc7385651746	Raanan Sulitzeanu-Kenan	NA	NA	School of Public Policy and government, Hebrew University, Jerusalem	NA
2021	afcca84b8056ee570e817e12ae053201	Simon Bornschier	NA	NA	University of Zurich	NA
2021	81043c9dd30f5bf566e9faac388507cc	Thomas M. Meyer	NA	NA	Humboldt Universität zu Berlin	NA
2021	375c63debe9295950d56f6b2e091a858	Giovanni Angioni	NA	NA	London School of Economics and Political Science - LSE	NA
2021	19563ef9a6c7adfdfc7835e4b0edd72a	Leo Azzollini	NA	NA	University of Oxford - Department of Social Policy and Intervention - Nuffield College	NA
2021	ebc7461f6e3de794c80b9ca2b73004bd	Nelson Santos	NA	NA	Instituto de Ciências Sociais (ICS) from University of Lisbon	NA
2021	affb85f8b4f97680dc467151fae3797d	Lucas Schramm	NA	NA	European University Institute (EUI)	NA
2021	693de1752e4d8645fb5d5da887413ead	Matilde Ceron	NA	NA	University of Milan	NA
2021	2d7d2efa7840856b37c95961f1e39dbc	Roman Senninger	NA	NA	Aarhus University	NA
2021	6296afc391271e95b7b36df4b0eccdf6	Alexander Wuttke	NA	NA	University of Mannheim	NA
2021	06939f630d7ff62326df96e34847acf3	Emmy Lindstam	NA	NA	University of Mannheim && University of Barcelona	NA
2021	3511ae76900e531292db5f2bfc3c0644	Liron Lavi	NA	NA	University of California-Los Angeles	NA
2021	8f4c57fd1141a6838f463037736cc424	Michal Shamir	NA	NA	Tel Aviv University	NA
2021	c6e5223bc1ff0f81528d0c4528fef51e	Naama Rivlin	NA	NA	Tel Aviv University	NA
2021	eb561e4687b350d9af5927fe55ee65d7	Nicholas Haas	NA	NA	University of Aarhus	NA
2021	d16f2df30bbee8f598c1be36a55c2db2	Nestor Castaneda	NA	NA	University College London	NA
2021	29072756d7fd9fd5e3f5afccaba51135	David Rueda	NA	NA	Nuffield College, Oxford University	NA
2021	1d04cdd7b54cdb85bc6869976f6a7b35	Andreina Thoma	NA	NA	University of St. Gallen	NA
2021	568544e1608e50f8016f68af781bef43	David Doyle	NA	NA	University of Oxford	NA
2021	de894947379ec81f6a3aca08a702f85f	Nicholas Carnes	NA	NA	Duke University	NA
2021	262db11ce57644f389fe855fa8bfe9f3	Jonas Lefevere	NA	NA	Vrije Universiteit Brussel	NA
2021	722f4e1f2bb6f229341efeb094d25577	Mike Cowburn	NA	NA	Free University of Berlin	NA
2021	8fdc7ac6fad3435acb4f5bd3d6dfa7bc	J. Andrew Harris	NA	NA	New York University Abu Dhabi	NA
2021	ca59bfbf2a9f618450f37ecb6002eeb4	Alba Huidobro	NA	NA	Pompeu Fabra University, IBEI	NA
2021	b65a83c3a3e39796a2eab55623214b26	Derek Greene	NA	NA	University College Dublin	NA
2021	a0943cad4c502c63501502e460354af6	James Cross	NA	NA	University College Dublin	NA
2021	cf205b830e20662c604459683af33a81	Mark Belford	NA	NA	University College Dublin	NA
2021	20da378bd83ecb94c20ae5286331311f	Joe Kendall	NA	NA	European University Institute	NA
2021	b12bfdff0fc361bf93326d44c048d2d7	Lennart Schürmann	NA	NA	University of Cologne	NA
2021	20652817c3670ace083b07f7d19a8b48	Marco Fölsch	NA	NA	University of Salzburg	NA
2021	ac57c315ea4ea35169718a9d62ceacf2	Noam Himmelrath	NA	NA	University of Mannheim	NA
2021	88ea622400f931db2e86e057baf1d29b	Amelie Freiberg	NA	NA	Triniy College Dublin	NA
2021	c8a316c41063589a899244e9afbf675b	Dennis Atzenhofer	NA	NA	ETH Zürich	NA
2021	f9dc92e2ab107e44d6b69d97b8ec0ef6	Jordi Muñoz	NA	NA	University of Barcelona	NA
2021	b1714a10c7abe899332bd2fc4f21852b	Javier Sajuria	NA	NA	Queen Mary University of London	NA
2021	25e116c714af24bbd2d46690e7501ac3	Yue Guan	NA	NA	University of Vienna	NA
2021	fa9207176a09cc61a68de87a4f9323dc	Jack Blumenau	NA	NA	University College London	NA
2021	42da0a95bee86803780d2e968074834c	Kate Baldwin	NA	NA	Yale University	NA
